Food ;Mines;Oil  ;Clths;Durbl;Chems;Cnsum;Cnstr;Steel;FabPr;Machn;Cars ;Trans;Utils;Rtail;Finan;Other
0,250693375;0,036735115;0,102107642;0,156221363;0,370008952;0,288604814;0,231525815;-0,075557679;0,016175903;-0,028578967;0,181708456;0,107513047;0,497012246;0,037649822;0,461101067;0,295222863;0,162574895
0,239058055;0,02775953;0,09081838;0,165842924;0,331803537;0,254214988;0,219444108;-0,089452132;0,084546298;-0,112729725;0,204257958;0,125736946;0,426776059;-0,004314142;0,412206581;0,244427796;0,106042092
0,279202463;-0,002600827;0,068441657;0,151834176;0,397492748;0,275616082;0,305002708;-0,048769087;0,110848251;-0,049537029;0,190762976;0,1356948;0,465497426;-0,006120233;0,468239608;0,236673947;0,128048199
0,228547271;-0,077781259;-0,017822128;0,131276251;0,375298114;0,270697157;0,253195771;-0,040684115;0,108093717;-0,122384889;0,143939721;0,169099417;0,442666487;-0,041391078;0,394784113;0,188768828;0,077725999
0,231723827;-0,077110791;-0,055766349;0,06663664;0,337182377;0,221062152;0,246062199;0,296187964;0,021859141;NaN;0,133696375;0,041559808;0,255451029;-0,03485698;0,279211891;0,233461194;0,041139488
0,267010515;-0,017650725;0,021744554;0,018493685;0,4029483;0,246373126;0,340955499;0,404829198;0,069244232;NaN;0,257285732;0,059766333;0,331116883;0,00584742;0,344795542;0,306615358;0,112013399
0,255788017;0,035311184;0,007171946;0,028928865;0,400996978;0,185238361;0,314832775;0,49362797;0,027322679;NaN;0,273739705;0,149505645;0,213576999;-0,065736156;0,303016073;0,232479652;0,073658606
0,300967003;-0,02075979;0,027309506;-0,032505025;0,513954495;0,220229503;0,392865048;0,466634507;0,085614283;NaN;0,408385424;0,135295265;0,286559009;-0,041155619;0,336794276;0,256428315;0,126439998
0,273922984;0,07793349;0,169629863;-0,035674363;0,354761915;0,224687573;0,340304786;0,007113796;0,038874665;NaN;0,356457901;0,049283609;0,072179323;0,05896661;0,229157996;0,245489657;0,156465895
0,250870535;0,04317599;0,18862793;NaN;0,370996079;0,17903225;0,334084875;0,068437458;0,076252388;NaN;0,362867016;0,025861544;0,021103788;0,076126867;0,238670075;0,264493763;0,174725247
0,291699898;0,217297456;0,282408722;NaN;0,451828108;0,269916397;0,411422942;0,145390418;0,136010712;NaN;0,370594016;0,047588202;0,068503855;0,142015531;0,312888436;0,305313537;0,252460367
0,341729627;0,298804366;0,365448499;NaN;0,395373314;0,349036859;0,409942804;0,25002766;0,337035374;NaN;0,37282984;0,14949937;0,154317687;0,218888273;0,353983048;0,302448469;0,297820596
0,244495344;0,262574995;0,287254789;NaN;0,351776076;0,279672096;0,365546066;0,273881583;0,099729691;NaN;0,25944485;0,113790069;0,03023539;0,085563785;0,274054849;0,264328474;0,226856148
0,206876993;NaN;0,357011714;NaN;0,254449474;0,198020384;0,333164134;0,227953055;0,076383917;NaN;0,225699728;0,029894443;-0,088642544;0,048739139;0,270012203;0,210272163;0,195648594
0,124987177;0,235052069;0,232921067;NaN;0,185764677;0,177273947;0,244883224;0,085440944;0,00217792;NaN;0,190388043;-0,016306373;-0,131959939;0,070970757;0,110920272;0,133865136;0,11950989
0,134158241;0,244110858;0,366873598;NaN;0,105814781;0,152843275;0,257475367;0,101218148;0,033602496;NaN;0,152080513;-0,086949358;-0,098028559;0,039224641;0,035832024;0,091264583;0,137985402
0,061547713;0,212543923;0,359808561;NaN;0,02218302;0,075612596;0,175194128;0,009124191;0,071980155;NaN;0,067719171;-0,070579309;-0,117880727;0,068128339;-0,056726103;-0,020443465;0,127842122
0,062802336;0,115584647;0,289602006;NaN;-0,012384401;0,056211925;0,142162388;NaN;0,053986134;NaN;0,008169613;-0,072629994;-0,210388787;0,072748718;-0,084328601;-0,00544976;0,089118941
0,036029639;0,094489922;0,339032054;NaN;0,000939333;0,088286756;0,123073198;NaN;0,10590948;NaN;0,023164477;-0,072689632;-0,203280808;0,064711204;-0,109486108;0,085432469;0,113075841
0,061095616;0,323952049;0,33262564;NaN;0,014728531;0,146859152;0,140349734;0,157906032;0,223397467;NaN;0,029904388;-0,048804702;-0,162506765;0,039603261;-0,043037067;0,165848167;0,120635437
0,02095099;0,236064188;0,14606382;NaN;-0,000650655;0,040663547;0,054562201;NaN;0,162374109;NaN;-0,02173191;-0,133916972;-0,169541527;-0,051280566;-0,080224165;0,11553364;0,049260485
0,076188966;0,491964577;0,238115187;NaN;-0,044705325;0,184447892;0,043096284;0,173497744;0,283118572;NaN;-0,060945834;-0,078908475;-0,133790225;0,024641173;-0,040510026;0,144978416;0,099231871
0,052064693;0,598086051;0,268650382;NaN;-0,047966857;0,21761791;0,029620792;0,092331971;0,405900665;NaN;0,015348016;-0,121912862;-0,056920726;-0,078269367;-0,100954533;0,126152965;0,036286681
-0,120326126;0,453065497;0,145363623;NaN;-0,146969899;-0,043773168;-0,054724769;NaN;0,18174665;NaN;-0,075165648;-0,365205167;-0,110414952;-0,235014944;-0,26779541;9,35E-05;-0,087110328
-0,127715947;0,505154725;0,219070953;NaN;-0,192012737;0,019162611;-0,129699358;0,09180688;0,350006145;NaN;-0,116805488;-0,397330789;0,019929093;-0,200330772;-0,27876338;0,014644389;-0,069441557
-0,096707958;0,46879106;0,034617719;NaN;-0,191177452;0,035206655;-0,150634431;-0,067615741;0,305218813;NaN;-0,174575061;-0,288330078;-0,019419678;-0,13155987;-0,214001478;0,032909595;-0,0541666
-0,063401308;0,357805772;0,101891723;NaN;-0,218290014;0,047241741;-0,157818044;0,188096812;0,350753361;NaN;-0,155266699;-0,249303891;0,068976724;-0,098431434;-0,164346597;0,094727692;0,022879105
-0,098489822;0,226833626;0,016337122;NaN;-0,206550445;0,046561296;-0,165039292;0,208494213;0,242429743;NaN;-0,180169219;-0,228549042;-0,014787501;-0,101073302;-0,170516836;0,03830606;-0,006033558
-0,077546186;0,210006138;-0,04282776;NaN;-0,190355711;0,09721651;-0,118604104;0,221201543;0,256584329;NaN;-0,151067836;-0,232595901;0,007710395;-0,20729162;-0,110298042;0,063747606;-0,017087789
-0,112443144;0,132842384;-0,101992467;NaN;-0,179363043;0,116001656;-0,112902924;0,036241542;0,18945259;NaN;-0,139374866;-0,147972762;0,052445354;-0,220110803;-0,082906952;-0,017766564;-0,045227419
-0,10087553;0,264044996;-0,11482283;NaN;-0,201707553;0,134196307;-0,127253495;-0,014277359;0,249644823;NaN;-0,18016851;-0,158806466;0,0894021;-0,249328503;-0,051107636;-0,111271021;-0,039133436
-0,237438431;0,26550513;-0,120297819;NaN;-0,342230087;0,01591443;-0,279285764;-0,183777014;0,252183791;NaN;-0,280066777;-0,287642744;-0,068523946;-0,232791934;-0,25914876;-0,248407195;-0,139515905
-0,327596197;0,235786925;-0,167410804;NaN;-0,393266874;-0,082677987;-0,259793406;-0,190136221;0,13756385;NaN;-0,313267223;-0,294105681;-0,111521035;-0,287596128;-0,336484904;-0,32921232;-0,166036621
-0,422406813;-0,066663725;-0,289822554;NaN;-0,505803789;-0,245486173;-0,372206531;-0,399052846;-0,030988354;NaN;-0,397835999;-0,397353045;-0,221011809;-0,359474797;-0,451920759;-0,427393128;-0,281642753
-0,307279099;0,067697458;-0,182295916;NaN;-0,442321724;-0,098536176;-0,212217636;-0,251829607;-0,029757295;NaN;-0,312479361;-0,387161692;-0,044519512;-0,206512339;-0,37971999;-0,276781676;-0,166313155
-0,23749019;0,11436657;-0,16742724;NaN;-0,419575599;-0,004610164;-0,153370764;-0,118043099;0,070346348;NaN;-0,295129731;-0,289545928;-0,017612344;-0,098945088;-0,311598465;-0,227317375;-0,138548599
-0,213621782;-0,015205812;-0,216481232;NaN;-0,454373504;-0,108519034;-0,132823608;-0,175968493;-0,04981727;NaN;-0,304950286;-0,230688136;-0,12241784;-0,104195208;-0,34282936;-0,270333682;-0,173421781
-0,127403003;0,035213517;-0,11714395;NaN;-0,333864474;-0,048084194;-0,095788075;-0,061598326;0,068043499;NaN;-0,219857244;-0,163062548;-0,067459831;-0,051327178;-0,234227131;-0,149862457;-0,082293941
-0,103669005;0,024702684;-0,083051291;NaN;-0,192466113;0,029082136;-0,000537042;-0,069352913;0,030215576;NaN;-0,094622675;-0,167820251;-0,102989012;-0,039763117;-0,230011348;-0,159151398;-0,050117485
-0,03963496;0,22294568;-0,07390902;NaN;-0,164024972;0,099189108;0,015101018;-0,000553947;0,221539491;NaN;-0,077788228;-0,108013817;0,062277844;-0,025259084;-0,076926738;-0,101426593;-0,030845713
-0,004797967;0,533153484;0,070608237;NaN;-0,048996137;0,25277545;0,041318102;0,115011399;0,366535116;NaN;0,003153585;-0,04521572;0,194373144;0,099175935;-0,044963237;-0,008153168;0,043985705
0,086826774;0,79073634;0,302187328;NaN;-0,06586621;0,22165487;0,088323723;0,227105897;0,376558925;NaN;0,091224094;-0,033979936;0,306189199;0,256702934;-0,04059124;0,158854058;0,111202636
0,168210121;0,752615509;0,367581304;NaN;-0,003298523;0,259888204;0,115542911;0,407147604;0,386318824;0,293878287;0,140636794;0,09194691;0,46680942;0,5049775;0,058058364;0,324007084;0,163926866
0,238793939;0,707080818;0,331440594;NaN;0,064884584;0,264066279;0,151703045;0,360214368;0,251676758;0,342369516;0,132919693;0,308167393;0,430805268;0,422534975;0,122808118;0,31092835;0,197324705
0,403722801;0,790198476;0,448122558;NaN;0,162707416;0,446251087;0,20320048;0,535433443;0,453580182;0,486209669;0,183123387;0,320679957;0,558558443;0,568645335;0,320077246;0,390903275;0,23487498
0,574279618;0,935766416;0,5597198;NaN;0,384786196;0,475551717;0,363344401;0,729007632;0,481560876;0,514086376;0,41038908;0,460436022;0,60183581;0,580236899;0,494178793;0,35163998;0,350308934
0,503622455;0,413900797;0,255149928;NaN;0,320484111;0,31877523;0,146805637;0,458714105;0,321816202;NaN;0,250893265;0,672840715;0,405213453;0,434170108;0,47794985;0,117674396;0,260424482
0,60382227;0,437739876;0,284172456;NaN;0,478251329;0,506372946;0,197788954;0,577428146;0,378133056;NaN;0,361692513;0,848897109;0,46033078;0,478638986;0,655742607;0,193057996;0,387469924
0,570073642;0,497176285;0,262290847;NaN;0,53391095;0,56748022;0,162308089;0,667122395;0,489509297;NaN;0,419977297;0,838320853;0,530725018;0,545844342;0,635942538;0,18879395;0,386790423
0,410066762;0,551776362;0,284934832;NaN;0,478853377;0,721290879;0,196738836;0,546214903;0,519578458;NaN;0,491036376;0,666541777;0,539273321;0,367261797;0,421339227;0,185570396;0,398308128
0,260982017;0,516525013;0,207940778;NaN;0,248383437;0,619748675;0,018306501;0,501244187;0,547764495;NaN;0,323227218;0,740181142;0,498880412;0,303518509;0,452577096;0,219803252;0,323626905
0,21339696;0,396476645;0,336877528;NaN;0,228995688;0,452829136;0,046730836;0,429743562;0,346056942;NaN;0,339740053;0,739782885;0,418560769;0,347297322;0,332312905;0,251056455;0,338879643
0,194242238;0,226249637;0,273755325;NaN;0,065758434;0,236758506;-0,001962179;0,392358821;0,232035196;NaN;0,238130365;0,71839872;0,321139501;0,370087872;0,207047531;0,190993037;0,274899541
0,122731278;0,256824515;0,19287106;NaN;0,023876269;0,218108745;-0,077411306;0,32136669;0,309169959;NaN;0,205555182;0,604694134;0,339116144;0,249986507;0,105592092;0,096437995;0,19961752
0,140124109;0,201623932;0,175380417;NaN;0,041183427;0,145393723;-0,05926578;0,22495448;0,290576593;NaN;0,283830478;0,477817082;0,324775906;0,160397984;-0,001493845;0,110280643;0,192212332
0,229667962;0,168370603;0,230069389;NaN;0,092309805;0,150577664;0,054290672;0,312043285;0,354575499;NaN;0,367703412;0,433372067;0,355867686;0,247457782;0,080670965;0,214470719;0,260185301
0,263558637;0,202610269;0,228160977;NaN;0,119385239;0,078171987;0,124278289;0,26526853;0,247509265;NaN;0,378302207;0,472314081;0,367027337;0,296408005;0,121100464;0,289681843;0,317813523
0,314607299;0,24474766;0,304251808;NaN;0,1551476;0,17074467;0,211459687;0,392505044;0,37232294;NaN;0,412266947;0,571331329;0,455034625;0,363546093;0,190603994;0,397974124;0,403238238
0,113167786;0,266768955;0,288847433;NaN;0,031608743;0,061040906;0,075045247;0,364601859;0,282720784;NaN;0,251894282;0,434774344;0,305713602;0,255838825;0,064900778;0,328526662;0,278021874
0,081470634;0,297371076;0,344028505;0,212263278;-0,00209762;-0,004426132;-0,038026119;0,347611983;0,261494322;NaN;0,205301136;0,355165499;0,367318919;0,254381741;0,073137127;0,268371036;0,240443792
0,156149542;0,271228475;0,425963968;0,266787479;0,079210954;0,092039509;0,06716463;0,411101476;0,295225124;NaN;0,251773362;0,477651967;0,414692331;0,309370952;0,121411059;0,366466809;0,30435959
0,01742526;0,053921543;0,319601805;0,08889703;-0,153078111;-0,127622348;-0,080817527;0,082461621;-0,002900616;NaN;0,034132946;0,266387855;0,196783433;0,213795831;-0,043825585;0,151957347;0,122082631
0,053827219;0,047673089;0,31139089;0,018259559;-0,164295292;-0,154247712;-0,02306754;0,048726098;-0,045001887;NaN;0,03075371;0,155522545;0,159154035;0,228344642;-0,097096689;0,113399756;0,107806026
0,034389937;0,023363936;0,187150232;-0,055197426;-0,188329106;-0,133370952;-0,100470955;0,01138268;-0,01815395;0,303767555;0,028950664;0,031175706;0,157304129;0,209255037;-0,166880493;0,04940345;0,072782783
0,057090325;-0,049900341;0,198863319;0,036808026;-0,136966765;-0,137859262;-0,092672947;-0,006072464;-0,036287038;0,343047841;0,027535258;0,047090105;0,181663912;0,233919788;-0,165506132;0,107135724;0,075360011
0,04910127;-0,213921551;0,121261784;0,065713969;-0,125349676;-0,141575197;-0,090084455;0,0238364;-0,105044764;0,299144333;-0,016065578;0,068628499;0,131330962;0,278711579;-0,141498383;0,129932729;0,107212714
0,04213311;-0,235873598;0,125901446;0,128335541;-0,153233775;-0,137836612;-0,065789023;0,005856298;-0,14065669;0,15386561;-0,03452011;0,093267848;0,11661007;0,288802814;-0,093603563;0,128522934;0,108609486
0,0279288;-0,272637366;0,115066544;0,081541623;-0,139974086;-0,145980975;-0,072049013;-0,030501382;-0,191509186;0,136163633;-0,021388799;0,069542319;0,141653562;0,257171472;-0,077895301;0,089084983;0,085708839
0,006102946;-0,220112241;0,056396522;0,115484421;-0,124706443;-0,148650505;-0,059770367;-0,039043511;-0,220342941;0,123802298;-0,008211914;0,068726246;0,078855055;0,179722604;-0,066923193;0,062216633;0,031295975
0,00881295;-0,258709395;0,002061899;0,108078276;-0,135502271;-0,156319763;-0,10015346;-0,075672034;-0,285056645;0,084378073;-0,045473592;0,039173482;0,036995396;0,155390654;-0,087695255;0,059088845;0,024826525
-0,020202818;-0,258680337;-0,016181125;0,058305732;-0,17242439;-0,158696137;-0,111376086;-0,122548549;-0,229291949;0,070034835;-0,042560208;-0,006261318;0,049805243;0,129945349;-0,116765223;-0,007122514;-0,014763226
-0,00644125;-0,240595365;0,005203884;0,02690926;-0,140897896;-0,085288699;-0,006772464;-0,092476715;-0,216948571;0,136987803;-0,006531414;0,014292181;0,055008123;0,146839998;-0,124465544;0,032754064;0,006534262
-0,043894393;-0,276797665;-0,043042761;0,005420753;-0,193367594;-0,161693605;-0,055503725;-0,163326419;-0,232646593;0,084202902;-0,010115741;-0,089104268;0,024921037;0,077796657;-0,160290214;-0,047524293;-0,019642618
-0,036656333;-0,315017766;-0,103885642;-0,040623804;-0,193364006;-0,171121858;-0,00351718;-0,166947342;-0,235909633;0,001778786;-0,014054685;-0,124092211;0,020550909;0,018892666;-0,150346911;-0,065626416;-0,042830482
-0,02784564;-0,309264976;-0,081845435;0,01902566;-0,184842173;-0,202977109;-0,025886371;-0,169063329;-0,275952797;-0,08067438;-0,0492426;-0,075941559;0,05766619;0,049613338;-0,156499971;-0,053246834;-0,029129106
0,007852606;-0,308668598;-0,041840312;0,087991373;-0,119783631;-0,166471557;0,032507644;-0,115659356;-0,243352343;-0,043103193;-0,07744618;0,036286764;0,105430138;0,072473728;-0,104022933;0,000273347;0,011770865
0,083874908;-0,204502954;0,005478117;0,137584683;-0,012960613;-0,059998948;0,17298066;-0,051896975;-0,176233578;0,017046352;0,091664521;0,097395689;0,17376675;0,047925333;0,047925499;0,089911496;0,075462409
0,128051536;-0,15963914;0,013406323;0,25880859;0,080605265;-0,044500456;0,260555572;0,018048056;-0,109606782;0,06991296;0,129418928;0,072303804;0,26002491;0,039996631;0,153821073;0,103095903;0,088063644
0,080678282;-0,098769117;-0,07642275;0,126055023;-0,006380445;-0,067449846;0,196809553;-0,041133434;-0,158574289;0,036055178;0,058915549;-0,003900383;0,228893666;-0,003364398;-0,007985043;0,01219514;0,031917362
0,077313188;-0,031396841;-0,030792389;0,187400773;0,122211593;0,010429186;0,306629961;0,120749904;0,007121424;0,179815035;0,175581441;0,068139589;0,461870462;0,013250618;0,096855285;0,074903951;0,10921289
0,102273841;-0,001700941;0,096562636;0,210210191;0,124531085;0,079738999;0,251650625;0,251734679;0,033394314;0,249874303;0,224252058;0,103757308;0,584147377;0,049478367;0,04087845;0,168369051;0,194053006
0,085342707;0,106137758;0,149360892;0,136568578;0,090979965;0,088038779;0,230304191;0,235916303;0,136291903;0,16889494;0,191552117;0,069521623;0,546819453;0,025369243;0,019098802;0,152601051;0,194440142
0,048356418;0,05399457;0,080589293;0,092222655;0,093538733;0,034771051;0,145413395;0,092631908;0,018635623;0,129465069;0,127839813;0,015403483;0,36893748;-0,011513003;-0,069406367;0,09749541;0,101099032
0,019905348;0,027611494;0,101956463;0,051298186;0,138019574;0,015666624;0,13122477;0,021936915;0,034984795;0,143792566;0,119865858;0,006598561;0,430220512;-0,024138734;-0,107911042;0,05838269;0,11892211
0,064702175;0,054003215;0,120288264;0,044695404;0,155091589;0,006418843;0,173171876;0,056563488;-0,026866018;0,189042194;0,168075079;0,011959132;0,463368645;-0,032853951;-0,095565137;0,074627603;0,086459219
0,144906834;0,235433076;0,239787089;0,300181455;0,299097454;0,14609576;0,217465868;0,22405879;0,172755416;0,294240303;0,266853259;0,138843818;0,5993911;0,083531145;0,03756016;0,22117356;0,224608826
0,081883755;0,290077606;0,264447577;0,248613026;0,284674336;0,199523114;0,19351141;0,235838757;0,20339614;0,231931649;0,278638552;0,077011593;0,324751134;0,068167036;0,004884297;0,182893175;0,200696249
0,077831577;0,448726835;0,342868219;NaN;0,323835565;0,257087803;0,210554106;0,259346351;0,239439731;0,285394683;0,391989004;0,078275502;0,323748793;0,06391457;0,052070363;0,210390354;0,196304348
0,002454276;0,322587834;0,313069119;0,181525196;0,12954556;0,08241842;0,106847619;0,178450055;0,093119202;0,144122787;0,224054555;0,018960171;0,161956548;0,027743665;-0,050550072;0,102609529;0,099990014
-0,045676379;0,330305831;0,288396889;0,167225737;0,040972285;0,055551154;0,019090631;0,125332334;0,038634634;0,103889159;0,184605279;0,035406068;0,05143906;0,039433586;-0,052570798;0,10610009;0,070799201
-0,014481453;0,542821472;0,452475701;0,250668507;0,087764666;0,143173891;0,044350084;0,183936751;0,114453309;0,151229927;0,191737418;0,092701189;0,076862685;0,082503382;0,004717961;0,243967479;0,10081225
-0,034935089;0,440087365;0,424319112;0,28565213;-0,008013943;0,12756464;-0,025005461;0,098624621;0,062059135;0,106595914;0,079858814;0,06857319;0,028866445;0,084237782;-0,048363888;0,253753743;0,062580276
0,019328819;0,497392906;0,452334298;0,41707012;0,025630814;0,14175166;0,059347164;0,157128215;0,203396764;0,160236995;0,099083857;0,107496417;0,080451315;0,118820629;0,004142537;0,259676905;0,073216367
0,020264698;0,563636786;0,461371598;0,442032998;0,018456795;0,185790955;0,068118223;0,209445177;0,225680553;0,194915095;0,124967883;0,11672378;0,114759994;0,10443095;0,015174971;0,281580062;0,049972273
0,020892293;0,526175223;0,601567758;0,465942471;0,049097267;0,197172965;0,137970812;0,264433104;0,185683481;0,227391329;0,145687116;0,10120152;0,19995575;0,13342387;0,04393223;0,359254123;0,06644153
0,092946251;0,672207508;0,633672435;0,602696454;0,020552873;0,281165081;0,1737867;0,424234713;0,192872581;0,2701318;0,180020526;0,086574598;0,248210085;0,214395711;0,041817223;0,392946436;0,069906572
0,104962175;0,928472587;0,61753286;NaN;0,063405445;0,378894134;0,140964439;0,412754694;0,383512792;0,340628878;0,131826319;0,099202435;0,312768183;0,247644992;0,084902842;0,373132456;0,091488805
0,13012502;0,977426276;0,818597025;NaN;0,086437094;0,361534165;0,108330305;0,474592237;0,668755525;0,327357576;0,21617273;0,154951709;0,520806313;0,233899313;0,03545806;0,361750089;0,073719941
0,144103348;1,049228698;1,044534061;NaN;0,077650446;0,379484396;0,114636042;0,552164671;0,767675512;0,446676462;0,209852003;0,134428345;0,576579545;0,248453236;0,065522924;0,384010139;0,12211038
-0,037689309;0,465714979;0,541404899;NaN;-0,027273347;0,085660811;0,037082785;0,232028573;0,08412156;0,121429114;-0,003896722;-0,029583517;0,321409676;0,053075564;-0,057377324;0,113568057;-0,005513742
0,071293332;0,494916583;0,569841043;NaN;-0,040789384;0,18256816;0,083577488;0,280255653;0,160501084;0,145193887;0,002435747;-0,073875329;0,307804771;0,17126584;-0,036285337;0,140958095;0,062470962
0,177609975;0,558438363;0,674360543;NaN;0,024094104;0,304179429;0,203579958;0,37170406;0,348548362;0,184482868;0,059113075;-0,032618447;0,376268868;0,206201197;0,100341803;0,218408629;0,129582771
0,142113841;0,691399985;0,630702315;NaN;0,034339593;0,255882209;0,175277875;0,397576589;0,311705855;0,186435477;0,060102716;-0,042818588;0,319602301;0,205045289;0,087754056;0,2305157;0,105474992
0,182622419;0,875894779;0,644827969;0,439649693;0,134266114;0,308771707;0,263650929;0,541980111;0,370640069;0,630613105;0,231790925;0,062712696;0,40698319;0,194141445;0,259749223;0,224906012;0,162807952
0,085922777;0,810186183;0,577799931;0,26132887;0,119978732;0,253686359;0,143392296;0,448617842;0,252703714;0,469081511;0,176138915;0,027919538;0,300120442;0,157420179;0,127005867;0,263749677;0,151926374
0,094880688;0,900099185;0,610620113;0,27341961;0,174492998;0,24655607;0,177518997;0,477874504;0,272440208;0,514920097;0,262208812;0,032603436;0,384823385;0,184785986;0,203236502;0,298334184;0,191914128
0,195594762;1,204242828;0,766555587;0,402685583;0,29543732;0,338741285;0,209611767;0,778425431;0,406132117;0,688884283;0,397071598;0,080861404;0,518612709;0,311381024;0,278401192;0,457495007;0,275295245
0,107724677;1,08997555;1,040712074;NaN;0,414377637;0,368290981;0,197666258;0,797925923;0,507339367;0,891544374;0,479736248;0,155200688;0,661387836;0,403549782;0,350267109;0,517391781;0,371530916
0,113418272;0,653047146;0,77462613;NaN;0,327230598;0,270734307;0,229969242;0,655496146;0,323455534;0,678614197;0,412566818;0,157459342;0,574162072;0,278540138;0,352900814;0,4517851;0,332798081
0,119543518;0,305743371;0,373334348;NaN;0,254577598;0,234800668;0,244064572;0,345454512;0,150811739;0,333704323;0,150087634;-0,033006844;0,284560496;0,174889166;0,261751952;0,318873286;0,247811812
0,258153117;0,231600839;0,228291179;NaN;0,482588741;0,333020735;0,334027718;0,421944762;0,214592038;0,301921699;0,224563601;0,110845091;0,318176186;0,184147031;0,353261143;0,371670278;0,300171903
0,412468182;0,690472581;0,453533443;0,533291315;0,542832787;0,512809675;0,41293745;0,682208741;0,721898018;0,616709693;0,443974946;0,283411773;0,673478759;0,317423266;0,703510521;0,53966011;0,46480597
0,304563667;0,532389861;0,221853603;0,401292178;0,467606188;0,411221248;0,373955538;0,531241963;0,633465863;0,42086636;0,464561456;0,364077678;0,699961778;0,156601738;0,760804044;0,453995873;0,436040577
0,244896356;0,458584382;0,12974676;0,369524725;0,423287748;0,293331418;0,298305482;0,407164882;0,492391563;0,31671165;0,459182247;0,348125092;0,599961228;0,121088486;0,677072663;0,381036673;0,41724378
0,253723545;0,470458924;0,115027272;0,256245257;0,320344115;0,315351399;0,254363285;0,295619925;0,380787976;0,192329519;0,287765714;0,268439667;0,483232796;0,095404339;0,503494603;0,308988118;0,362301214
0,129785641;0,444572716;0,198237759;0,089094261;0,164046717;0,15366712;0,126373235;0,15097015;0,165502137;0,098144677;0,099735339;0,092126185;0,243423963;0,14794819;0,291500266;0,243894603;0,23857552
0,099808037;0,065052127;0,074675891;0,07612473;0,071004334;0,040623597;0,082531842;0,108387467;0,08974717;0,084911167;0,031936564;-0,028330287;0,141642631;0,132443816;0,200511666;0,162198187;0,14334647
0,121880177;-0,191945295;-0,131649617;0,088623862;0,023282632;-0,058436922;0,066298674;-0,029104329;-0,045569865;-0,063927401;-0,06119813;-0,086739113;0,047703783;0,070231419;0,197273482;0,126457125;0,141785895
0,261281309;-0,144150693;-0,09759377;0,04633494;0,004375226;0,002824526;0,165448331;-0,008155183;-0,021338603;-0,048708363;-0,047070608;-0,111308751;0,120374158;0,109984627;0,334704045;0,230295977;0,233407302
0,289907814;-0,149675571;-0,206155067;NaN;-0,011439007;-0,032058048;0,150431188;-0,033692552;0,004397063;-0,200204643;-0,118718174;-0,091007097;-0,006501003;0,12465257;0,297528389;0,238885814;0,203848491
0,211594318;-0,136900071;-0,165870581;0,021474512;-0,009391131;-0,050383053;0,080015774;-0,094197703;-0,000352514;-0,188945886;-0,10292857;-0,056531909;-0,000597447;0,088066663;0,226913577;0,102606573;0,169394343
0,169487505;-0,216557547;-0,156565087;NaN;0,064682257;-0,1224036;0,125783298;-0,126658741;-0,12205787;-0,159896896;-0,005764893;-0,044012594;-0,001554158;0,122467948;0,282237536;0,128751249;0,167356142
0,13442843;-0,250831267;-0,265917747;NaN;-0,072049952;-0,206917483;0,066685375;-0,263491197;-0,210553406;-0,233038779;-0,072001288;-0,129226831;-0,08991647;0,169917851;0,205838023;0,077937416;0,083099868
0,092500417;-0,464923323;-0,267226689;-0,194128685;-0,068812438;-0,239017515;0,007365831;-0,324590478;-0,327186002;-0,334578916;-0,123743966;-0,164520797;-0,133155991;0,150821286;0,104120363;0,001368299;0,050951118
0,177023649;-0,418105424;-0,177859368;-0,104048189;-0,041719813;-0,17439096;0,051404454;-0,279655961;-0,262525384;-0,28488394;-0,050382949;-0,135233683;-0,092514836;0,217866859;0,102253797;0,028057358;0,016454672
0,1158036;-0,465314865;-0,100282682;-0,106092368;-0,060137503;-0,194392229;0,006385356;-0,344741744;-0,305031353;-0,26001704;-0,110534758;-0,162488609;-0,194071232;0,19482696;0,036861768;-0,104127598;-0,056049548
0,154744196;-0,412011296;-0,200558319;-0,077827003;0,014402878;-0,269423448;0,028518481;-0,320254123;-0,311724753;-0,267023941;-0,085639163;-0,102623534;-0,143531307;0,129222692;0,108518311;-0,126694394;-0,020862902
0,224503892;-0,36656137;-0,312694586;-0,099579278;0,067346904;-0,235389556;0,047614056;-0,283871263;-0,312750941;-0,296294007;-0,009416896;-0,11228945;-0,110319744;0,094855801;0,138740961;-0,118099747;-0,010517821
0,365844887;-0,236049317;-0,173772513;0,090000833;0,312330846;-0,042030133;0,242631999;-0,123051105;-0,141075126;-0,167657127;0,150674975;0,12965361;0,159866005;0,228618976;0,387167229;0,047590903;0,156428923
0,384448722;-0,048361616;-0,059879251;0,15993307;0,327242386;0,027468476;0,270988057;-0,044582324;-0,152974921;-0,029477077;0,223057747;0,150378663;0,213537723;0,285374104;0,477913424;0,123892819;0,170331885
0,357233282;0,10837227;-0,083563448;0,382109441;0,487109034;0,099363566;0,301794379;0,152750459;-0,067460424;0,096296248;0,37403039;0,530431685;0,260981173;0,27043773;0,649257327;0,219716856;0,241767638
0,412679291;0,271532693;-0,185875504;0,520590767;0,499381579;0,096222348;0,292618633;0,183467073;-0,143393887;0,240823452;0,464124661;0,580131942;0,365435706;0,197560766;0,808847362;0,268134118;0,278281111
0,423131678;0,345788233;-0,080617744;0,600579852;0,512298912;0,094435936;0,308739176;0,275867282;-0,022082469;0,149507311;0,525030802;0,614664115;0,4284894;0,296273447;0,763241559;0,274793208;0,319629303
0,417964589;0,640952202;0,025248544;0,46881352;0,516324218;0,235507334;0,290007505;0,36172819;0,204058128;0,208298761;0,549495253;0,649048985;0,586877959;0,320087402;0,707576307;0,293861678;0,380383113
0,428426499;0,827975536;0,151505022;0,917580487;0,654797122;0,387778661;0,343471492;0,541100277;0,216337366;0,381438215;0,665873051;0,687359874;0,733923604;0,334528424;0,851649704;0,425063361;0,493428029
0,461574619;1,035944124;0,268039798;1,200889884;0,548407522;0,395146964;0,410468655;0,692555569;0,247702379;0,503490977;0,745090895;0,605644013;0,821765742;0,308264602;0,905560683;0,548281712;0,535879454
0,42671643;1,305184519;0,331542124;1,261691735;0,632732713;0,45163291;0,388030364;0,689641684;0,239860884;0,604337453;0,76367547;0,761506731;0,799207918;0,323480333;0,999147092;0,655021744;0,591640301
0,436243941;1,338341428;0,287689037;1,235026852;0,575691532;0,597731949;0,373885444;0,978237586;0,497449881;0,668484772;0,88453553;0,703076931;0,926371995;0,345048823;1,051267652;0,815507186;0,661087039
0,444820694;1,390683484;0,474395392;1,400097708;0,635517572;0,702478678;0,451010974;1,019640859;0,544827299;0,732073459;1,042855286;0,954534298;1,063877494;0,375393873;1,047972784;0,8182568;0,772422796
0,400256412;1,134555729;0,546895128;1,242875599;0,485288885;0,75722494;0,406989702;0,947135363;0,584043382;0,766764218;0,919499788;1,00926955;1,019179838;0,426379567;1,045311252;0,767629254;0,68533942
0,335486305;0,742660861;0,493008962;0,782959125;0,305254825;0,627079039;0,272154183;0,4773834;0,563638663;0,532237067;0,696692576;0,643514139;0,609303335;0,285203008;0,6801384;0,549816627;0,46813596
0,382363961;0,595128641;0,39177882;0,607731056;0,371159092;0,62344366;0,29183735;0,53478647;0,599555793;0,556858138;0,747793663;0,762080158;0,747201736;0,316964946;0,618389669;0,479109981;0,482653634
0,293641977;0,197321902;0,31017605;0,378209332;0,189722891;0,394314055;0,210674774;0,223141047;0,437213844;0,360262558;0,479953604;0,529587049;0,49912105;0,314075331;0,414660363;0,222615631;0,226883163
0,248197627;0,24195732;0,368042445;0,283878251;0,209389061;0,384444016;0,170145672;0,230495003;0,54773869;0,385045946;0,359656989;0,427730201;0,451988367;0,294154874;0,320792857;0,192311004;0,20668715
0,237361718;0,168947974;0,334113051;0,168787497;0,235639441;0,37505217;0,152862971;0,162278093;0,458198559;0,519760303;0,311000087;0,387546985;0,441583927;0,204697496;0,275023165;0,214397407;0,183473985
0,267283045;0,021245835;0,382696118;0,109770788;0,068950414;0,191613693;0,152395631;0,089401913;0,335729378;0,401726434;0,154237571;0,297301567;0,280919425;0,189123598;0,216704634;0,205295285;0,113938992
0,202782944;0,084863217;0,451125578;-0,015537108;-0,038561956;0,071780348;0,110933384;-0,002083119;0,166198754;0,219551918;0,069833471;0,182406912;0,133036272;0,123089884;0,085055451;0,110504664;0,055219542
0,147972969;0,114437778;0,395130093;-0,117849169;0,016664778;0,132987238;0,062548819;0,042158751;0,241593768;0,249274419;0,098337847;0,166004545;0,068120723;0,131310559;-0,015491951;0,071512318;0,031419478
0,106903843;-0,049683142;0,33181099;-0,225529893;-0,040339155;0,049587427;0,019437527;-0,027420663;0,152332176;0,128525054;0,030978479;0,035266241;0,027562829;0,09590028;-0,082242519;-0,015701724;-0,040381301
0,123480827;-0,170555226;0,184744215;-0,241998733;0,000321973;-0,058262757;0,041023818;-0,121763469;-0,098678696;0,003473084;-0,046407152;0,020393747;-0,030823826;0,02590612;-0,109918571;-0,072489228;-0,087892131
0,192532294;-0,223040494;0,098172694;-0,270559083;-0,045151492;-0,077425142;0,045766887;-0,113919012;-0,051205728;0,259532272;-0,095286314;-0,080658996;-0,042129553;0,059131432;-0,093485552;-0,053189619;-0,066231755
0,214110189;-0,277975848;0,063008173;-0,224886767;0,039755068;-0,099986347;0,040844137;-0,092489895;-0,169103329;0,35793534;-0,063994797;-0,020785321;0,045719043;0,05667944;-0,058549537;-0,051507882;-0,013484677
0,272338449;-0,123547007;0,111745273;-0,059779469;0,122182995;-0,055572178;0,097431772;0,045617875;-0,184638718;0,375069986;0,059094289;0,107906048;0,242473359;0,121056308;0,065442882;0,046021637;0,082041806
0,249542481;-0,059638241;0,192314971;-0,116251335;0,049104577;-0,075959987;0,045138602;-0,00403085;-0,158109948;0,332589528;-0,005953573;0,085107613;0,162693617;0,120427609;0,040336894;0,054332512;0,032474591
0,236247532;0,000885951;0,175889433;-0,087825353;0,079475876;-0,056577787;0,059731572;0,042393167;-0,143305813;0,064798881;0,049229209;0,090723237;0,234825957;0,105099189;0,013662477;0,101811753;0,052342916
0,191621367;-0,106291361;0,164817886;-0,059883313;-0,034663663;-0,076974519;0,071100097;-0,014334025;-0,210787569;-0,052616633;0,020932404;0,065555435;0,086769053;0,148991559;-0,059635919;0,054865856;0,002899133
0,202010715;-0,104871144;0,164092735;-0,049788255;-0,031356959;-0,033676788;0,138244611;-0,010965055;-0,191053284;0,052680556;0,017650158;0,097591898;0,148691091;0,23237608;-0,004964347;0,12328362;0,053731923
0,215117291;0,106562279;0,120698384;0,162615427;0,148277301;0,070009356;0,165551095;0,157345841;-0,107522488;0,068287883;0,176583522;0,227350396;0,290004186;0,241252108;0,194060599;0,240334149;0,172136357
0,361711099;0,086537795;0,137511857;0,189449932;0,20038468;0,169372813;0,24740524;0,234809139;-0,040868103;0,254100695;0,218151425;0,282615944;0,443147069;0,30351121;0,266561501;0,333476779;0,281791526
0,422904855;-0,001629604;0,166909053;0,202276758;0,120175347;0,072998489;0,289632098;0,108721186;-0,137548036;0,139072745;0,118581871;0,252794909;0,409342416;0,391680948;0,271519232;0,297652546;0,28767115
0,377080767;0,064618615;0,156214796;0,236278014;0,097629918;0,085547849;0,244038293;0,116421429;-0,112699541;0,083966953;0,089004241;0,188651386;0,360668798;0,398192437;0,252288266;0,346014171;0,280283285
0,572112634;0,292920811;0,24968648;0,626952851;0,191917767;0,265886219;0,384204357;0,410917171;NaN;0,274039981;0,221136128;0,342307784;0,549833075;0,484101344;0,486136146;0,586054141;0,442256266
0,500688384;-0,011319407;0,266651162;0,518071796;0,22390026;0,297218083;0,323407046;0,382378107;0,126167205;0,224612487;0,193202781;0,318065516;0,499847577;0,528713285;0,39973217;0,580585953;0,435503026
0,464049717;0,311408493;0,358634081;0,709483196;0,241466529;0,371907203;0,370062077;0,437567687;0,278472917;0,271031197;0,235256304;0,265772924;0,523341898;0,439329559;0,27333476;0,545403372;0,386309451
0,376992217;0,015891331;0,191410079;0,375990779;0,096688084;0,188934364;0,271161064;0,205549277;0,133512519;0,091565269;0,073884226;0,140541959;0,333922972;0,369042632;0,176101995;0,357186706;0,260691156
0,435209138;-0,075211142;0,146214333;0,353899945;0,08578346;0,202042625;0,275312682;0,206466681;0,133484854;0,087886234;0,072537718;0,086344214;0,238710936;0,223997243;0,131003244;0,259968759;0,222344507
0,394017039;0,096620367;0,267448926;0,499586099;0,082509401;0,272589493;0,277467414;0,222637161;0,090814789;0,085907975;0,104672355;0,071910488;0,185824714;0,268543553;0,249339423;0,361161034;0,273445696
0,530805489;0,103518183;0,299321728;0,610779754;0,253425582;0,357563312;0,398466404;0,357194063;0,077553163;NaN;0,238532642;0,197604461;0,316356527;0,273263221;0,389106412;0,466265269;0,356362729
0,545072833;0,107572559;0,283636921;0,612671863;0,324383361;0,487838342;0,398923276;0,391253254;0,071208841;0,294280054;0,291470555;0,190907977;0,302882637;0,299547726;0,453597169;0,468254827;0,378235932
0,541143255;-0,006743321;0,132973625;0,575456825;0,213286939;0,455056344;0,35140531;0,273558952;0,031471019;0,331951322;0,16106434;0,145085987;0,232033805;0,329919402;0,302928297;0,40766604;0,278569835
0,588473935;NaN;0,103739091;0,666504538;0,357789277;0,640579351;0,414667562;0,47859183;0,072351505;0,382731073;0,242628631;0,324214596;0,282970171;0,409075337;0,368668124;0,497103761;0,370391224
0,632628186;NaN;0,09629244;0,724558147;0,477392728;0,681974199;0,543609585;0,693366807;0,025037197;0,460688516;0,331159635;0,547171352;0,36487177;0,394375116;0,510464352;0,591663716;0,422479193
0,661770692;NaN;0,053764266;0,653799862;0,463535963;0,671423911;0,596446124;0,677477305;0,008557944;0,417582;0,396431121;0,480694011;0,375293648;0,299552498;0,540712326;0,468434392;0,434482627
0,653513199;0,224041993;0,108306971;0,625003541;0,462140556;0,629897609;0,611454006;0,605416734;-0,015870554;0,405510912;0,357663194;0,45825306;0,215304909;0,273240447;0,550913655;0,459481363;0,418646081
0,73824251;NaN;0,089318195;0,670690135;0,420955645;0,597313124;0,711241039;0,584238127;-0,051484965;NaN;0,326140554;0,423505823;0,205094476;0,303426074;0,610424135;0,456042276;0,431141247
0,727207578;NaN;0,065517176;0,59836855;0,261724622;0,443089588;0,652459859;0,437437083;-0,192252064;NaN;0,203592458;0,316062008;0,052753589;0,477302392;0,610319616;0,44160152;0,392134846
0,697597068;-0,014183815;0,225045538;0,673008284;0,388821043;0,548549809;0,717185841;0,648919458;-0,113038692;NaN;0,315899044;0,457838352;0,129716406;0,560056445;0,618243074;0,568870831;0,490837743
0,440576002;0,146316069;0,217459145;0,556166145;0,299280011;0,518779617;0,538866325;0,571539529;-0,038289451;NaN;0,236850402;0,339054018;0,219488384;0,498031388;0,533781884;0,451149477;0,409431463
0,53762257;0,07498657;0,168156777;0,569275216;0,40016967;0,571390303;0,622220052;0,665608983;0,074302557;NaN;0,201946093;0,402790441;0,243435875;0,468601305;0,532846571;0,40068511;0,462753275
0,408429139;0,230392839;0,202382195;0,477620577;0,335804555;0,550899106;0,486578775;0,567936013;-0,050810538;NaN;0,153760689;0,324414015;0,162100382;0,425226454;0,419077422;0,265790381;0,375556188
0,325638702;NaN;0,210704952;0,317835502;0,272955079;0,386454515;0,429057015;0,439269474;-0,090128633;NaN;0,04069297;0,198102537;0,07725187;0,304040755;0,241206711;0,17232394;0,276173914
0,514749082;0,437312031;0,479790112;0,397149121;0,477141207;0,561573074;0,617239242;0,635269159;0,02192655;NaN;0,227046855;0,411106503;0,15221728;0,367406978;0,362214079;0,251166475;0,428929438
0,429701096;0,494626801;0,423296463;0,452296385;0,382514254;0,447281807;0,609603577;0,434425259;0,020107529;NaN;0,284931994;0,278852121;0,078507749;0,240743423;0,402272395;0,177075787;0,349568997
0,337835133;0,52905711;0,595123227;0,402177477;0,369441586;0,460899021;0,424899889;0,416204115;0,197745622;NaN;0,328825866;0,225450023;-0,012433868;0,1749193;0,299063789;0,071459085;0,303744117
0,273792661;0,653302926;0,604337894;0,349653019;0,357337729;0,469861168;0,38467174;0,396891861;0,344821653;NaN;0,331498214;0,446187029;-0,034619808;0,202885014;0,308785416;0,069545584;0,296427396
0,201336624;0,425559459;0,517794247;0,360510247;0,315038117;0,372603391;0,310614703;0,278743941;0,30840342;NaN;0,301828372;0,347006366;0,033023169;0,135856185;0,158048521;0,014831724;0,247979001
0,19039384;0,748431982;0,637920324;0,397356358;0,376193638;0,424130821;0,272546434;0,39717799;0,489209948;NaN;0,377059531;0,417623537;0,112624492;0,113396951;0,170760387;0,05598437;0,273838478
0,293396491;1,183189008;0,773691282;0,521396869;0,612971386;0,610717735;0,408161967;0,630463495;1,195211613;0,357508795;0,500417964;0,613053228;0,308743777;0,058467312;0,383522135;0,147786486;0,426893284
0,303417362;0,795889113;0,562520863;0,342664021;0,622765666;0,564144633;0,439950073;0,486990846;0,856377302;0,344718658;0,486892122;0,572896966;0,214236527;0,005385982;0,417688462;0,122481701;0,397634567
0,452917114;0,908159889;0,519553712;0,327099088;0,763995349;0,640340456;0,634212776;0,653546855;0,754956135;0,391782868;0,629442559;0,577813768;0,243250731;0,074522508;0,501241604;0,255700243;0,569841883
0,088080029;0,313212291;0,210505601;-0,1423107;0,256957421;0,104415913;0,237337163;0,03649978;0,184541033;-0,004495356;0,18423772;0,083232267;-0,134239809;-0,04921683;0,004332391;-0,009099855;0,160688164
-0,010392251;0,390877459;0,043164492;-0,269133863;0,017897717;0,019710939;0,097157357;-0,048080875;0,394342211;-0,110455584;0,038652869;-0,013050409;-0,223304673;-0,081135967;-0,122218785;-0,101015991;0,033079047
0,112215499;0,521576519;0,102615788;-0,101791145;0,075248788;0,21265044;0,123146758;0,061292564;0,598982544;NaN;0,216167611;0,123706241;-0,099315486;-0,040414578;0,027844713;-0,042973758;0,157162755
-0,016427238;0,219455843;0,043213656;-0,035561716;-0,099146169;5,29E-05;0,034167577;-0,06751297;0,292736926;0,007535406;-0,00144265;0,003017484;-0,093225303;-0,035057943;-0,020217197;-0,061544214;0,05719262
-0,020443019;0,088186604;0,092919074;-0,063196135;-0,109798431;0,013833835;-0,015787103;0,031133348;0,349516848;0,062237748;-0,018111257;0,060452285;-0,090726346;-0,040543214;-0,024314123;-0,091051282;0,071854187
-0,050303055;0,008493;-0,003134165;-0,097583472;-0,200280656;-0,069611256;-0,056413504;0,006841301;0,091632563;0,034196738;-0,087777298;-0,030492718;-0,098846998;-0,054145861;-0,046858558;-0,109084539;0,016434021
-0,002974111;0,068600468;0,039538201;-0,007597178;-0,190127881;-0,07673779;-0,043332398;0,075551476;0,125278587;NaN;-0,100564927;-0,068881263;-0,027305806;-0,016275286;-3,37E-05;-0,071059603;0,035728555
-0,038229945;0,107408229;0,008508114;-0,039442055;-0,177561063;-0,09985907;-0,065880476;0,066796269;0,095567627;NaN;-0,11526493;-0,030231792;-0,048944241;0,047912489;-0,047837215;-0,033775975;0,031314708
-0,089472942;0,325157312;-0,051644056;-0,221694992;-0,136796305;-0,013093833;-0,111508583;0,026883385;0,170101246;NaN;-0,08229132;0,037505627;-0,065673457;0,037149633;-0,08429208;-0,06093574;0,02419662
-0,122306645;0,133855734;-0,039950279;-0,023585652;-0,165030922;-0,117626394;-0,144246897;-0,119574294;-0,056951868;NaN;-0,161808059;-0,027393922;-0,140918515;0,050615639;-0,168587074;-0,059088462;-0,032711248
-0,137549892;0,012222812;-0,073676329;-0,010386965;-0,242296452;-0,18215767;-0,192465912;-0,173946315;-0,00302746;NaN;-0,277663797;-0,139998602;-0,177076392;0,001895316;-0,224087228;-0,104303485;-0,108746974
-0,050154936;-0,045331861;-0,056643764;NaN;-0,194331068;-0,164382543;-0,1247636;-0,143911366;-0,110997689;NaN;-0,245819205;-0,017462389;-0,105023455;0,063785557;-0,061165707;-0,028349612;-0,064205382
0,366006121;NaN;0,169785755;0,427331392;0,082940685;0,166836689;0,075776489;0,20035615;0,421106066;NaN;0,023217856;0,425509707;0,260221436;0,164669716;0,242319446;0,229767776;0,161588383
0,433255588;NaN;0,300715177;NaN;0,183050693;0,202156975;0,182323442;0,259602162;0,268404156;NaN;0,099344026;0,515527563;0,372555049;0,205554354;0,346983043;0,302992875;0,235953293
0,352436411;NaN;0,221548665;NaN;0,102851022;0,085183844;0,162811543;0,215936823;0,205758676;NaN;0,02905288;0,382678439;0,279095387;0,19474465;0,250520757;0,235800644;0,181566618
0,40028351;NaN;0,200088349;NaN;0,220389521;0,248956926;0,187690324;0,211867733;0,604506218;NaN;0,124639024;0,380714898;0,293323862;0,110985468;0,242804969;0,223610315;0,209037785
0,290341695;NaN;0,137649884;NaN;0,132493993;0,110776615;0,115034366;0,1319924;0,339374114;NaN;0,007276049;0,203407454;0,216613397;0,126150673;0,110164423;0,190809844;0,145671674
0,376210393;NaN;0,156467376;0,293659446;0,19308379;0,211500653;0,245053895;0,161785239;0,306338633;NaN;0,033353244;0,201203153;0,229102272;0,178154622;0,197524583;0,338994814;0,256963031
0,330722654;NaN;0,127380644;0,444812531;0,249572985;0,233099329;0,329831051;0,213678177;0,354554321;NaN;0,068545946;0,133497522;0,333921099;0,249013501;0,249421344;0,387384294;0,361006104
0,410592081;NaN;0,159267283;NaN;0,228971604;0,290253087;0,396178665;0,287088025;0,359913668;NaN;0,125106735;0,13234532;0,356757833;0,24095612;0,348410268;0,403122276;0,413602045
0,413597043;NaN;0,174236731;0,233035277;0,224844914;0,127608307;0,358101191;0,133278787;0,196805457;NaN;0,015629062;0,062093304;0,174084321;0,23872081;0,246126799;0,312844681;0,370760394
0,62904511;NaN;0,192036037;NaN;0,338531467;0,252772544;0,528360131;0,345758136;0,297906661;NaN;0,14835903;0,121387364;0,300848429;0,306751617;0,381030487;0,44174855;0,499746991
0,536503606;NaN;0,259611467;NaN;0,391980477;0,41957019;0,550635481;0,504303167;0,490279879;NaN;0,267195919;0,310946195;0,533962402;0,296592135;0,468463293;0,452172059;0,551200189
0,425208119;NaN;0,301099465;0,548520226;0,282860583;0,36108299;0,458127798;0,472381027;0,430675086;NaN;0,174451801;0,19831037;0,399058503;0,264587336;0,330061425;0,451948809;0,506406266
0,377789929;NaN;0,283516729;0,327524699;0,196240742;0,283251762;0,456569163;0,318352885;0,209158698;NaN;0,136775701;0,05389031;0,231899896;0,244503014;0,286300064;0,410496992;0,439764739
0,470787744;NaN;0,333168433;0,502033582;0,280369077;0,332661653;0,506048698;0,404398037;0,302458211;NaN;0,202759249;0,021571389;0,240591926;0,296403576;0,329304968;0,456319806;0,489246604
0,496755277;NaN;0,385212412;NaN;0,091560681;0,342248193;0,479689862;0,3590184;0,252720731;NaN;0,186315401;0,01214021;0,259932915;0,351503915;0,339783306;0,417962649;0,510823354
0,270967046;NaN;0,248014047;NaN;-0,042488662;0,096738836;0,286836009;0,249105094;-0,048231018;NaN;0,08821863;-0,094084194;0,118474122;0,254565721;0,188221522;0,173736351;0,240499923
0,301670627;NaN;0,300519028;NaN;0,000915301;0,175742174;0,280680292;0,34674865;0,07231851;NaN;0,176660154;0,027063562;0,179017289;0,281298525;0,243964513;0,227059765;0,284182507
0,295533909;NaN;0,238783548;NaN;0,059667467;0,133217492;0,269371554;0,358808613;0,158962264;NaN;0,260325344;0,09007217;0,244629909;0,254069252;0,292733597;0,111164268;0,280740141
0,223291001;NaN;0,173582328;NaN;-0,056323307;0,046332725;0,242700696;0,288802828;0,028472311;NaN;0,175682923;0,049810712;0,151382028;0,141778737;0,198758094;0,032072652;0,161116563
0,288956763;NaN;0,216752564;NaN;0,016252133;0,115215559;0,31748163;0,438771035;0,087943698;NaN;0,21761195;0,139182739;0,219522284;0,146358209;0,28701035;0,092448773;0,204460816
0,325912928;NaN;0,204418877;NaN;-0,001119645;0,133023238;0,413298551;0,481461299;0,114864712;NaN;0,223224742;0,091009781;0,308654575;0,110072021;0,35430792;0,060617245;0,199143122
0,159982571;NaN;0,271321204;NaN;-0,095643944;0,074140205;0,293254187;0,36305924;0,158371828;NaN;0,126898139;-0,00168478;0,201770943;0,058295764;0,168679027;-0,054571271;0,064774873
0,124234074;NaN;0,208245862;NaN;-0,1387179;-0,133206127;0,198429792;0,189753472;-0,033661445;NaN;-0,029449346;-0,207874548;-0,021711418;-0,001604076;0,019400412;-0,17457807;-0,040893242
0,091414117;NaN;0,166604739;NaN;-0,153174022;-0,155735476;0,13597407;0,120426428;-0,063781802;NaN;-0,053965823;-0,239260337;-0,116301381;0,005345655;-0,011958739;-0,285388349;-0,078908098
0,131573889;NaN;0,115916769;NaN;-0,107359624;-0,11045556;0,155214242;0,144986877;NaN;NaN;-0,052138107;-0,200286117;-0,057088559;0,080945041;-0,016380113;-0,282381267;-0,040209433
0,157179148;NaN;0,09623596;NaN;-0,015883959;-0,045387483;0,197668219;0,183745182;NaN;NaN;0,006443128;-0,178539178;-0,007590387;0,062690303;0,068212269;-0,184550068;-0,02636763
0,184459814;NaN;0,028665123;NaN;-0,006697782;-0,066670131;0,213352698;0,203892559;-0,058447168;NaN;0,049092809;-0,191898041;0,009926766;0,019515867;0,07217095;-0,105162811;-0,042239799
0,35778259;NaN;0,051676294;NaN;0,134550651;0,061070231;0,311679372;0,334863813;0,138937775;NaN;0,173979488;-0,127543318;0,140630438;0,051747054;0,263487179;0,05841047;0,122860162
0,551142241;NaN;0,106394614;0,798785976;0,188607578;0,09519359;0,464455323;0,402302443;0,11835948;NaN;0,191788921;-0,099324472;0,102890077;0,094441114;0,319732086;0,105663275;0,166493368
0,527149447;NaN;0,147095852;0,536755579;0,154378596;0,071483342;0,478292795;0,328054836;0,067701349;NaN;0,11904582;-0,145283478;0,049179252;0,130386993;0,350693477;0,232467256;0,166790168
0,459788196;NaN;0,221716953;0,560658449;0,19976859;0,160541764;0,448356895;0,332884012;0,090497181;NaN;0,094686851;-0,140679165;0,09873419;0,193151014;0,398229141;0,237167366;0,183003632
0,391897337;NaN;0,123248843;NaN;0,177736807;0,192661147;0,345296175;0,272250188;0,117259469;NaN;0,067357907;-0,067979522;0,089003991;0,134818065;0,338842648;0,182437639;0,095794026
0,260651327;NaN;0,10795935;NaN;0,103792635;0,185972942;0,242662254;0,277736386;0,072762868;NaN;0,01355461;-0,07600105;0,045617016;0,110782416;0,237839706;0,138943289;0,082318217
0,34708326;NaN;0,064677946;NaN;0,183884592;0,23111482;0,288065368;0,381017877;0,018148344;NaN;0,058008606;-0,065804;0,136755601;0,153904409;0,38562103;0,238159106;0,16734214
0,535851319;NaN;0,086161741;0,881328066;0,330945638;0,413964301;0,414182699;0,621990623;0,086218336;NaN;0,199722752;0,024042628;0,305645204;0,284807301;0,666697693;0,483487588;0,313919118
0,52139805;NaN;0,108581332;1,301804446;0,462982365;0,455910584;0,470808039;0,774773586;0,118351625;NaN;0,236943855;0,108615137;0,427054987;0,331623946;0,73681244;0,692391596;0,352202574
0,430850904;NaN;0,167513276;1,25931045;0,613559188;0,480594665;0,512009012;0,869496262;0,276879289;NaN;0,300093595;0,059061418;0,53424949;0,235842665;0,717518345;0,863466589;0,42459265
0,375470723;NaN;0,057624948;0,778771977;0,446046834;0,262737534;0,372605819;0,689961986;0,120015728;NaN;0,124502255;-0,062804563;0,340267264;0,24234523;0,539212454;0,470031219;0,276939083
0,545739963;NaN;0,105114505;0,99640562;0,598058175;0,358787141;0,586260697;0,841579037;0,11883612;NaN;0,217265232;0,003376536;0,439615477;0,287864207;0,718886316;0,625635091;0,431247326
0,404245478;NaN;0,068614194;0,632924107;0,479803809;0,281855654;0,452264743;0,580930099;0,041504479;NaN;0,123182246;0,055781012;0,310698161;0,238912281;0,505730281;0,458243994;0,310421733
0,275739906;NaN;-0,011681518;0,414729847;0,349777983;0,248394233;0,312886548;0,425087759;0,106176766;NaN;0,110610033;0,100816375;0,304866985;0,169270427;0,415145591;0,3573021;0,251010085
0,194020357;NaN;-0,06502503;0,545187523;0,220929711;0,275955544;0,191685758;0,409506036;0,112689167;NaN;0,082744767;0,144033647;0,288395709;0,138465613;0,264081949;0,263430345;0,191718355
0,227594538;NaN;-0,001248987;0,471711514;0,248961252;0,320352159;0,20471802;0,38938526;0,184070493;NaN;0,097033153;0,335631578;0,323756233;0,17754516;0,214773471;0,252306164;0,212636289
0,211819394;NaN;0,044240981;0,430545786;0,186916901;0,17875505;0,165156938;0,347102672;0,146976377;NaN;0,032678163;0,125944916;0,23744966;0,209582781;0,121189438;0,203614684;0,170050502
0,237883135;NaN;0,046733916;0,344149098;0,251326592;0,170928332;0,14832003;0,243668227;0,214510495;NaN;0,103626281;0,24180749;0,219285289;0,244759905;0,175036442;0,314087694;0,189053151
0,210483555;NaN;0,043518348;0,454345378;0,255506128;0,14422294;0,131570622;0,288713084;0,222590714;NaN;0,088239685;0,257925248;0,17515917;0,27194806;0,141288417;0,272216127;0,18964669
0,156545674;NaN;0,07431926;0,357090951;0,188598881;0,096878159;0,06817115;0,255428801;0,055919953;NaN;0,013748364;0,175954521;0,100124905;0,22089737;0,093613933;0,171339479;0,148445918
0,210844377;NaN;0,078543887;0,360090774;0,222131582;0,138108137;0,032867446;0,309098809;0,114389216;NaN;0,107229986;0,240590704;0,102940022;0,17607728;0,19525271;0,228753458;0,194686377
0,204179962;NaN;0,012758987;0,371272136;0,123231512;0,110743409;0,022887558;0,348155126;0,174766769;NaN;0,104661234;0,264003655;0,080521393;0,147963782;0,273191566;0,231399019;0,177398973
0,211321373;NaN;0,065594231;0,517717191;0,198215888;0,18241233;0,06623351;0,400547461;0,342899188;NaN;0,248146201;0,538363925;0,232719108;0,120928628;0,363350146;0,40527943;0,297594178
0,045331485;NaN;0,051487565;0,256412722;0,055458437;0,076307591;-0,097921117;0,261654247;0,313216078;NaN;0,151165987;0,496507034;0,140599106;0,095448303;0,208678524;0,285471471;0,186863472
0,084168027;NaN;0,135749765;0,203858659;0,144392365;0,061798268;-0,118798888;0,280968329;0,311441386;NaN;0,16745384;0,523799674;0,164977995;0,186439759;0,201263072;0,314847607;0,20754713
0,058602712;NaN;0,212907234;0,17397123;0,204073403;0,052263561;-0,138361888;0,320748652;0,241393296;NaN;0,1337379;0,314723158;0,167132508;0,275548258;0,177158628;0,287706997;0,234209337
0,06664615;NaN;0,290935491;0,188747053;0,299915606;0,058423249;-0,098619597;0,363960076;0,253259544;NaN;0,217477189;0,369873442;0,21221927;0,295280452;0,216631897;0,364317326;0,291303316
-0,038599354;NaN;0,18182601;0,125994187;0,184355579;0,028256883;-0,095036215;0,268300428;0,260891833;NaN;0,177287957;0,284326263;0,169905865;0,257028496;0,122442998;0,299891695;0,211639488
-0,039164234;0,241311147;0,167040562;0,137209527;0,212410697;0,059745966;-0,085836958;0,241456085;0,199865518;NaN;0,308478944;0,357421805;0,211885824;0,214486807;0,200229495;0,299010344;0,314076317
-0,015854807;0,159479013;0,18903897;0,125963456;0,247616659;0,078026935;-0,05097575;0,222543751;0,143316276;NaN;0,313483966;0,31851078;0,274598377;0,257678556;0,154770428;0,323906687;0,413104077
-0,084854881;0,221064008;0,13649332;0,057697044;0,205571342;0,036359676;-0,171311955;0,13547292;0,079817419;NaN;0,266939499;0,337302091;0,305577479;0,19811637;0,152638231;0,319017586;0,349795179
-0,061604481;0,1639837;0,153663407;0,242712991;0,323461576;0,120259534;-0,121412783;0,174588429;0,270792692;NaN;0,470148978;0,491187987;0,419249703;0,255028813;0,20131645;0,429228226;0,443843084
-0,078181581;0,044637124;0,178362504;NaN;0,23831495;0,093570108;-0,08803197;0,112427978;0,267290709;NaN;0,38660988;0,497636187;0,389390067;0,235869883;0,121976366;0,42800485;0,408869956
-0,036068485;0,270509975;0,20016476;0,056452174;0,373414724;0,120499883;-0,068575951;0,108408545;0,248061107;NaN;0,349784314;0,676439291;0,335693068;0,218362446;0,131662133;0,322304126;0,424036629
-0,059734666;0,449024402;0,164686057;0,017784115;0,296673454;0,120443476;-0,07070247;0,129010273;0,121595825;NaN;0,264458377;0,576338738;0,319062036;0,156109052;0,065306328;0,179345983;0,273044024
-0,023171515;0,457614453;0,146362396;0,038381362;0,301582136;0,139878886;-0,038752173;0,129463715;0,11687381;NaN;0,297201516;0,603940693;0,302556238;0,144010344;0,022178353;0,144114667;0,235690062
-0,016264594;0,50664903;0,17256682;-0,057951242;0,204106626;0,271736093;0,045172444;0,156668617;0,199055064;NaN;0,321730162;0,555034631;0,345356073;0,096114258;0,046280888;0,167156195;0,245746076
-0,000237249;0,385398346;0,077479795;-0,05765797;0,177066286;0,234454759;0,021071915;0,099673909;0,153357059;NaN;0,333503622;0,471919033;0,319143798;-0,025205409;0,059528158;0,097046802;0,195060165
-0,046022954;0,247622426;0,006844971;-0,067888833;0,09964499;0,175478214;-0,047573681;0,036359413;0,126240795;NaN;0,258909036;0,322693738;0,202289974;-0,083661041;-0,015687456;0,007109613;0,098461477
0,097699976;0,068606326;0,036535955;0,024830518;0,145893394;0,166335772;-0,003722031;0,108219154;0,13375784;NaN;0,249014809;0,268079055;0,175650404;-0,058804867;0,099083293;0,078024394;0,115787009
0,035625588;0,023692877;0,027666002;-0,046250766;0,143898045;0,194840522;0,018938098;0,088918989;0,193107547;NaN;0,166774775;0,229261069;0,149414773;-0,105843076;0,028409204;0,12119895;0,092210842
0,023787409;-0,01142804;0,005732163;0,052199785;0,124320305;0,202370092;0,011935394;0,109812922;0,210732228;0,239688796;0,092949143;0,1212672;0,118727333;-0,163224762;0,038316938;0,037581318;0,04338833
0,07409147;-0,088625679;0,034309033;0,135013481;0,148344119;0,249544285;0,112477541;0,172274542;0,32374522;0,274862326;0,161548984;0,122331522;0,061271123;-0,13297075;0,032634521;0,048296206;0,082522149
0,110101779;0,04891179;0,004664935;0,191110816;0,121297038;0,313436774;0,185898407;0,2071634;0,335245345;NaN;0,179336238;0,12217669;0,071682253;-0,161582315;0,029048659;0,057282896;0,081858515
0,157192057;0,201484273;-0,037876552;0,19025011;0,123544506;0,327488746;0,210243332;0,193855396;0,417084986;NaN;0,172273414;0,071942139;0,009938678;-0,170659833;-0,001894819;-0,01896172;0,065946855
0,107227173;0,002555471;0,053663271;0,187670348;0,050601561;0,249178979;0,169135053;0,193459903;0,255231064;0,121302571;0,230579239;-0,069047347;0,01767786;-0,143281104;-0,034248257;0,042032981;0,06277172
0,093416471;-0,067420746;0,061608035;0,253402146;-0,009632797;0,12186589;0,130028157;0,095890699;0,15053923;0,07656041;0,159719251;-0,132555192;-0,03223606;-0,08711853;-0,067193944;0,012061999;0,044770014
0,097241616;-0,164975792;0,053997947;0,224693485;0,026688109;0,13266836;0,126596049;0,100044425;0,157774918;0,043439825;0,142654809;-0,131179689;-0,037211818;-0,10855184;-0,063688437;0,004298687;0,056004964
0,138527934;-0,209067596;0,014308676;0,236447564;0,03092454;-0,010443754;0,186928482;0,096341845;-0,061119791;0,116124336;0,082411152;-0,261631892;-0,060614822;-0,032168863;-0,047189119;0,02543367;0,046527326
0,174365899;-0,157268733;0,093044058;0,12653425;0,085100989;0,073827627;0,27739101;0,082994713;-0,006648426;0,209360583;0,163825231;-0,183114916;0,014898764;0,024663529;-0,045869226;0,12396334;0,130252044
0,261453363;-0,076207863;0,187579806;0,200800275;0,179802723;0,187533327;0,397683384;0,126056123;0,074357288;NaN;0,250525185;-0,102755261;0,145464993;0,053353118;0,06634496;0,180594377;0,213678278
0,278331191;0,020887711;0,167048988;0,189601735;0,258557227;0,180012049;0,397260703;0,101288869;0,144310988;0,21260916;0,424507404;-0,100104736;0,199737398;0,064066331;0,038800064;0,166321091;0,24714729
0,405261551;NaN;0,199807618;0,191589376;0,243502297;0,179004825;0,379215225;0,087979727;0,105251164;0,248325545;0,455519652;-0,022696094;0,245402308;0,208314582;0,092946539;0,191904688;0,208168953
0,42954507;0,033544502;0,196317853;0,258939116;0,256440414;0,229255496;0,471322281;0,173513776;0,138618219;0,240419853;0,660559401;0,078513545;0,312820721;0,235248695;0,175180001;0,246050398;0,303527333
0,37983364;0,043435579;0,180407816;0,232998681;0,247546573;0,209662523;0,50227109;0,165679792;0,193967899;0,274954275;0,761288179;0,052617363;0,430972687;0,165759349;0,181179724;0,25515155;0,320320519
0,277581204;-0,006671111;0,153171366;0,200988208;0,191840639;0,16095273;0,344347533;0,066775275;0,110205071;0,221035029;0,65247211;0,092957724;0,315614568;0,156753755;0,111667303;0,277079746;0,293724583
0,375232538;-0,057635206;0,210242836;0,42269685;0,22446732;0,213975215;0,442722879;0,135308515;0,070480014;0,179026224;0,746523455;0,157906579;0,470090943;0,271724983;0,190837328;0,459409018;0,357872837
0,369052704;NaN;0,137758948;0,376377935;0,22328486;0,140942967;0,457587481;0,092061639;0,052407504;NaN;0,7155099;0,129693453;0,424616255;0,274919806;0,118408791;0,388502266;0,347065333
0,445978958;NaN;0,236047999;NaN;0,379354257;0,32753376;0,505184591;0,209769237;0,275809431;0,207848196;0,698681774;0,263801643;0,567862964;0,264196365;0,205950321;0,571921474;0,450310976
0,446216116;NaN;0,305133609;NaN;0,31917138;0,325900607;0,5455891;0,238007335;0,14670845;NaN;0,590007971;0,227407293;0,562856237;0,339945231;0,245547062;0,572540974;0,469586227
0,460960874;NaN;0,280419012;NaN;0,34338545;0,448925157;0,548481041;0,237755002;0,264146108;NaN;0,659503833;0,339696318;0,561687897;0,285184825;0,258561179;0,554794905;0,438677322
0,479688286;NaN;0,23475742;NaN;0,270960028;0,389866509;0,498006085;0,199070064;0,248482233;NaN;0,651404971;0,277694374;0,501356706;0,244355189;0,258015447;0,521894612;0,393826689
0,402843145;NaN;0,231985168;NaN;0,207366211;0,418264042;0,472904406;0,230473273;0,332980022;NaN;0,532657781;0,342836015;0,455787257;0,266488784;0,239704637;0,494781801;0,351679298
0,341504474;0,384265102;0,235076237;NaN;0,231655569;0,351528793;0,39663759;0,254681935;0,30334657;0,179738687;0,596584492;0,348420069;0,41395258;0,187088076;0,31370204;0,455239181;0,369107551
0,365414033;NaN;0,190916694;NaN;0,211683753;0,300267017;0,420991565;0,280269484;0,312344252;NaN;0,680416345;0,303699891;0,385969126;0,134298277;0,309875096;0,379150535;0,404724787
0,404571561;NaN;0,239274357;NaN;0,214073494;0,270457799;0,421051284;0,343567911;0,125838309;NaN;0,47515907;0,21197472;0,340245651;0,215862706;0,237498747;0,371830814;0,33354483
0,323930549;0,18464969;0,161542752;NaN;0,133659784;0,206537308;0,356292909;0,247591718;-0,039475168;NaN;0,280676794;0,138413967;0,211096973;0,146926626;0,150711593;0,285229622;0,16887171
0,366174759;0,280296308;0,216606499;NaN;0,146786855;0,258748163;0,353374095;0,336960234;0,030841582;NaN;0,322883329;0,151505788;0,256892571;0,161405875;0,285265449;0,26671932;0,164161404
0,327586973;0,193199307;0,241654568;NaN;0,175121696;0,30181197;0,33547944;0,393624365;0,170576061;NaN;0,47391468;0,156262358;0,256900398;0,0995286;0,222111635;0,269199257;0,206997521
0,301170739;0,307565402;0,327637517;0,796988132;0,161636582;0,407311258;0,326215947;0,456061814;0,108213047;NaN;0,404023715;0,282997115;0,301302031;0,152683618;0,280672052;0,398788581;0,2131434
0,287007246;0,154185382;0,305009326;0,735514915;0,163489602;0,371699099;0,371279345;0,330513935;0,212173996;NaN;0,558927908;0,303799975;0,272946549;0,143922466;0,261555962;0,416676546;0,259277071
0,271719327;0,03751388;0,27478387;NaN;0,150092842;0,300406721;0,287462303;0,271375253;0,231127614;NaN;0,55582851;0,20248425;0,283833015;0,080904144;0,233512613;0,358543174;0,219739804
0,334582202;-0,166791808;0,332190914;NaN;0,189741878;0,299126483;0,357799297;0,330638186;0,256680353;NaN;0,703621915;0,207616796;0,301076681;0,068725906;0,222179419;0,410199315;0,284389873
0,341341911;-0,056080513;0,253456656;NaN;0,196194923;0,279767313;0,406884785;0,325529848;0,196889978;NaN;0,496528701;0,184638517;0,250045831;0,085889036;0,224181891;0,422246299;0,270915041
0,261239743;-0,173304317;0,284905668;NaN;0,134928683;0,160412277;0,317965474;0,238127895;0,045833862;NaN;0,501048939;0,064218826;0,199217277;0,071431245;0,174233077;0,300824726;0,189819567
0,401388409;NaN;0,249758085;NaN;0,178534931;0,238195207;0,44904828;0,362176336;0,118730578;NaN;0,528670428;0,09487309;0,219739438;0,074476565;0,174631273;0,427092838;0,2617555
0,354253211;-0,260412297;0,323738291;NaN;0,22205623;0,277933918;0,468584267;0,344898798;0,210815384;NaN;0,566357017;0,133872388;0,253567283;0,086485407;0,170921686;0,476741841;0,302706602
0,335153757;-0,123983714;0,33130236;NaN;0,288038244;0,404042757;0,558724014;0,360474437;0,344134105;NaN;0,638941442;0,180178529;0,324364197;0,052993817;0,261562576;0,536971878;0,350385076
0,446522704;-0,097804999;0,493029595;NaN;0,389100436;0,544790641;0,66490825;0,490277488;0,532625733;NaN;1,053604212;0,340414911;0,441948952;0,179712507;0,500956978;0,758440629;0,540267796
0,288439632;-0,140672405;0,439695828;NaN;0,253343761;0,393809947;0,52069506;0,300786935;0,364499085;NaN;0,922612861;0,315677777;0,294183959;0,117095904;0,330100016;0,573117529;0,450079826
0,311499821;-0,032778171;0,477529991;NaN;0,313661499;0,29358832;0,497254546;0,265445424;0,321473718;NaN;0,818557474;0,445047725;0,298964151;0,157936919;0,357230619;0,607115816;0,416175316
0,25887983;-0,210676433;0,377345758;NaN;0,346275363;0,203658253;0,491791795;0,282342332;0,208094778;NaN;0,540591647;0,312148165;0,195765034;0,128749907;0,352486599;0,469071547;0,40543266
0,30094795;NaN;0,262179859;NaN;0,277362084;0,20779619;0,426444275;0,329129317;0,052818317;NaN;0,402940412;0,222187411;0,150016132;0,191729669;0,431558302;0,411229537;0,39214977
0,363908785;NaN;0,236049038;NaN;0,284188296;0,238430315;0,526645037;0,410664644;0,119441723;NaN;0,408977577;0,314090739;0,169945822;0,288672824;0,472072164;0,536951333;0,425839897
0,228828773;NaN;0,11006702;NaN;0,252427413;0,140378878;0,45020831;0,4198512;NaN;NaN;0,369602772;0,311891925;0,159483875;0,232427971;0,497475608;0,380640741;0,408973208
0,237597596;NaN;0,239411605;NaN;0,316250674;0,219740342;0,487001891;0,483076173;NaN;NaN;0,579223837;0,479078727;0,252491988;0,273479095;0,577125043;0,452191647;0,496260176
0,409269723;NaN;0,220882483;NaN;0,54032572;0,323847874;0,662308587;0,683750237;NaN;NaN;0,650167284;0,676014705;0,306988347;0,40948987;0,660954125;0,662605551;0,727890895
0,260116209;NaN;0,2807691;NaN;0,490526179;0,31843604;0,570702792;0,535271013;NaN;NaN;0,600622392;0,565756324;0,217410625;0,410094141;0,639153316;0,569956166;0,641111063
0,232950689;NaN;0,162238603;NaN;0,287514407;0,342911787;0,434209722;0,544014559;NaN;NaN;0,374530108;0,682479341;0,120472818;0,372411579;0,639712642;0,463393047;0,468279025
0,247523601;NaN;0,153512401;NaN;0,195705826;0,214720111;0,407982627;0,573968619;NaN;NaN;0,450792533;0,811536044;0,127732712;0,366599583;0,658192921;0,454370045;0,565209056
0,127231973;NaN;0,051101168;NaN;0,264918696;0,007846042;0,366887944;0,461408431;NaN;NaN;0,280953981;0,691857106;0,005188399;0,262939133;0,51356798;0,294502812;0,507907483
0,073745854;NaN;0,007254515;NaN;0,174609067;0,045697432;0,345507303;0,312293188;NaN;NaN;0,191840704;0,26407468;-0,094184224;0,367871608;0,427528104;0,091819811;0,338921554
-0,011468244;NaN;0,072289922;NaN;0,087899905;0,068840776;0,416587453;0,22909309;NaN;NaN;0,272786565;0,304204764;-0,125490649;0,383611541;0,389475415;0,080991123;0,432636595
0,1628081;NaN;0,10080688;NaN;0,223346069;0,023639052;0,452429121;0,307176504;NaN;NaN;0,482926929;0,513355983;0,067413177;0,326374719;0,678314261;0,196352923;0,504282188
0,121300825;NaN;0,1751095;NaN;0,267168782;0,009975471;0,461541453;0,43299829;NaN;NaN;0,51014589;NaN;0,075909531;0,252420238;0,744069551;0,206052652;0,572078384
0,06876676;NaN;0,148674097;NaN;NaN;-0,029495491;0,445097539;0,638901571;NaN;NaN;0,800417106;NaN;0,067132062;0,203929331;1,085364674;0,198549535;0,913764409
0,072686394;NaN;0,165984316;NaN;NaN;-0,037256445;0,347148808;0,655213845;NaN;NaN;0,98713476;NaN;0,050173881;0,205172685;1,218033974;0,258248816;1,128612157
0,021876259;NaN;0,045081943;NaN;NaN;-0,081145235;0,286120161;0,524870646;NaN;NaN;0,572522115;0,490897185;0,011106725;0,083834423;0,980929457;0,176054476;0,820961208
-0,084008085;NaN;0,086157406;NaN;NaN;-0,10144258;0,27226658;0,484471921;NaN;NaN;0,741578823;NaN;0,052917156;0,125949481;1,127327643;0,185443604;1,042770874
-0,024262286;NaN;0,194682684;NaN;0,044681806;0,056726145;0,179459422;0,465368902;NaN;NaN;0,62596405;NaN;0,184506312;0,199119753;1,055251055;0,311663846;0,934766916
-0,024844881;NaN;0,188762894;NaN;0,024739561;-0,062563428;0,166122311;0,384743478;NaN;NaN;0,659340345;NaN;0,170172057;0,242192996;0,649507361;0,247312951;0,848396371
-0,100831428;NaN;0,169857402;NaN;NaN;0,003943307;0,129685582;0,280686303;NaN;NaN;0,675553393;NaN;0,240585105;0,041157463;0,555248086;0,193140486;0,774861331
-0,030419046;NaN;0,252174142;NaN;NaN;0,157722386;0,061538632;0,293600626;NaN;NaN;0,661812224;NaN;0,231694249;0,097584481;0,415737457;0,091214137;0,623244403
0,107759212;NaN;0,378768271;NaN;-0,12017852;0,121507761;0,235848179;0,41765807;NaN;NaN;1,172583593;NaN;0,455711304;0,17010349;0,578621722;0,371423661;0,973582667
-0,057717652;NaN;0,187389465;NaN;NaN;0,066859731;0,068673469;0,473695684;NaN;NaN;0,914554877;NaN;0,311056496;-0,027152966;0,659722676;0,300396361;0,821299498
-0,01461607;NaN;0,172245881;NaN;NaN;0,138898959;0,121925413;0,458349639;NaN;NaN;0,928517215;NaN;0,270175199;0,072199587;0,531942572;0,319710078;0,820686148
-0,029440708;NaN;0,160279712;NaN;NaN;0,057316461;0,057512084;0,328813343;NaN;NaN;0,950003046;NaN;0,095710719;-0,070314968;0,489974513;0,191615396;0,949018776
-0,092301204;NaN;0,17168533;NaN;NaN;0,232645522;-0,06432881;0,434983699;NaN;NaN;1,070870315;0,152671976;0,101125996;-0,120889678;0,394565693;0,185772609;1,737972525
-0,125379498;NaN;0,29997852;NaN;NaN;0,133604131;-0,025818991;0,180359715;NaN;NaN;0,849140239;0,009489451;0,122859812;0,040942785;0,092111329;0,099478547;0,88419364
-0,20341797;NaN;0,263886462;NaN;NaN;0,000716046;-0,162434417;0,217808637;NaN;NaN;2,325702369;-0,021892949;0,016400132;-0,003362538;0,015121126;-0,021827046;1,534295377
-0,156944837;NaN;0,260334016;NaN;NaN;0,061479989;-0,154151862;0,30733422;NaN;NaN;1,726142857;0,057500437;0,058258088;0,045098073;0,126611472;0,087152243;1,141797276
-0,150179161;NaN;0,047562952;NaN;NaN;-0,084470882;-0,004889114;0,203358185;NaN;NaN;1,497773187;0,120814886;-0,062502062;-0,037625861;0,111705616;-0,008928172;0,81431884
-0,044055914;NaN;0,17358662;NaN;NaN;0,018634049;0,009761834;0,102406449;NaN;NaN;1,246507492;NaN;-0,045651272;0,116757522;0,17979211;0,104044633;0,613236903
0,028928828;NaN;0,074481004;NaN;NaN;-0,004371063;0,091746502;0,059316839;NaN;NaN;1,572756313;-0,076141194;-0,199319249;0,16459988;0,038276845;0,060590494;0,653175416
0,065711241;NaN;0,086712925;NaN;NaN;0,040695914;0,122743871;0,080661741;NaN;NaN;1,508228913;NaN;-0,090944177;0,169293167;0,113260045;0,250596123;0,595248451
0,044728541;NaN;0,167952857;NaN;NaN;0,10177448;0,05004166;0,053457399;NaN;NaN;1,535912202;NaN;-0,03916241;0,32868762;0,022535824;0,433403888;0,95874273
0,233844716;NaN;0,275508779;NaN;NaN;0,255041634;0,209424561;0,094760633;NaN;NaN;1,387626123;NaN;0,193156006;0,499949626;0,042292588;0,482056779;0,744593198
0,13167305;NaN;0,274336425;NaN;NaN;0,09741622;0,168475374;-0,11887536;NaN;NaN;0,900009844;NaN;0,2956399;0,44242956;-0,005512083;0,245997633;0,360269266
0,108253602;NaN;0,175622394;NaN;NaN;0,139568175;0,209000013;-0,219542025;NaN;NaN;0,200817739;NaN;0,400571921;0,657799113;0,018847004;0,227299144;0,034435061
0,207349519;NaN;0,231944134;NaN;NaN;0,269876996;0,378231384;-0,251470618;NaN;NaN;-0,027302532;NaN;0,354858016;0,69376027;-0,01606701;0,321009139;-0,102240586
0,188075811;NaN;0,104506642;NaN;NaN;0,217695902;0,233851199;-0,08003668;NaN;NaN;-0,021729182;NaN;0,378346277;0,528247119;0,140058052;0,318780784;-0,060067226
0,311458456;NaN;0,181781412;NaN;NaN;0,145070334;0,42595491;-0,125070105;NaN;NaN;-0,415519408;NaN;0,49193609;0,692073359;0,198266591;0,40656193;-0,093160033
0,205558409;NaN;0,069624428;NaN;NaN;-0,071289888;0,290091829;-0,206338122;NaN;NaN;-0,503914216;NaN;0,257846524;0,604943417;0,018326096;0,162031199;-0,215716941
0,167829829;NaN;0,190333353;NaN;NaN;0,030484515;0,225904136;-0,085967049;NaN;NaN;-0,436556722;NaN;0,26563843;0,565274812;0,030611394;0,228626687;-0,093659204
0,067578019;NaN;0,080456419;NaN;NaN;0,004679151;0,166578664;0,085702962;NaN;NaN;-0,428983693;NaN;0,342382923;0,439101201;0,022300894;0,201321617;-0,039684497
0,001312683;NaN;0,117201588;NaN;NaN;0,183360868;0,029145146;0,102828478;NaN;NaN;-0,476739131;0,158041587;0,293400258;0,398197438;0,00709552;0,297702598;-0,069960085
0,013542679;NaN;0,110098087;NaN;NaN;0,132861441;0,135511819;0,152904742;NaN;NaN;-0,455465864;0,152444919;0,218791412;0,286938077;0,102623498;0,197616658;-0,068957951
0,134408612;NaN;0,013100004;NaN;NaN;0,151565052;0,09222071;0,148606984;NaN;NaN;-0,53436744;-0,149652335;0,116384433;0,13220138;0,112156192;0,03495946;-0,176261335
0,052344895;NaN;-0,12079996;NaN;NaN;0,116464886;0,061442945;-0,067477097;NaN;NaN;-0,510933471;-0,276151438;-0,0451572;-0,007474762;0,022585481;-0,054109364;-0,167401795
-0,021960618;NaN;-0,064529843;NaN;NaN;0,032614445;-0,008610062;0,019688949;NaN;NaN;-0,4501879;-0,281863473;-0,113937386;-0,014660257;0,047828845;-0,085587854;-0,193602863
-0,0521044;NaN;-0,063926724;NaN;NaN;0,223791709;-0,025234485;0,344887951;NaN;NaN;-0,20916228;-0,000163203;-0,077461301;-0,058524221;0,104269591;0,02367283;-0,045479179
-0,06594697;NaN;-0,022509066;NaN;NaN;0,011034284;-0,08094453;0,242271092;NaN;NaN;-0,122756041;-0,029416485;-0,049880692;-0,06693635;0,100366733;-0,038915112;0,038350988
0,009311504;NaN;-0,020324318;NaN;NaN;0,054422839;0,024582381;0,168476508;NaN;NaN;-0,17714959;-0,088078904;0,036057472;0,040357722;0,037731166;-0,078846518;-0,133868416
0,047779898;NaN;0,0365617;NaN;0,01127314;0,101908565;0,014335476;0,230407184;NaN;NaN;-0,085532059;-0,062265379;0,083154377;0,015163461;0,124134157;-0,022167011;-0,094013157
0,158974334;NaN;0,09636207;NaN;0,076415519;0,214972963;0,107035457;0,199261353;NaN;NaN;0,066800157;0,077549531;0,162152835;0,05326199;0,165222543;0,071020714;0,006163087
0,20902243;NaN;-0,064777316;NaN;0,077750969;0,045012045;0,027980246;0,116309069;NaN;NaN;-0,115048005;0,116261777;0,075813466;0,028488003;0,071913855;0,026923089;-0,176265142
0,178719854;NaN;-0,087945431;NaN;0,102413262;0,035041674;-0,015893811;0,062933221;NaN;NaN;-0,087888537;0,127803218;0,051247806;-0,005043179;0,057941774;-0,005255047;-0,177047143
0,20307711;NaN;-0,013033167;NaN;0,084203145;0,057112137;-0,073221231;0,021791889;NaN;NaN;-0,202862689;-0,026800633;0,15600138;-0,001927828;0,075759697;-0,053351394;-0,226200185
0,082981142;NaN;-0,110403154;NaN;0,064654405;-0,007031142;-0,113549828;-0,119043723;NaN;NaN;-0,265025075;-0,198058137;0,051807314;-0,041510496;-0,097117104;-0,107194557;-0,252947126
0,051776235;NaN;-0,083607251;NaN;0,121979763;0,013435797;-0,070014319;-0,093220808;NaN;NaN;-0,183905717;-0,024875175;0,048200415;-0,030951165;0,029942211;-0,031921143;-0,197315432
0,022117925;NaN;-0,112017809;NaN;0,14401821;-0,009414301;-0,151830888;-0,065119364;NaN;NaN;-0,137434817;0,062544968;0,163070155;-0,025734173;-0,029800316;-0,081483823;-0,211129714
0,055831131;NaN;-0,115841315;NaN;0,198021587;0,014871462;-0,100515398;-0,060398737;NaN;NaN;-0,15033494;-0,074518816;0,085588882;0,019391144;0,012162531;0,016192332;-0,131066959
0,030763587;NaN;-0,052206804;NaN;0,22905567;-0,003446175;-0,129341063;-0,200917536;NaN;NaN;-0,188481649;-0,165636825;0,02504883;0,002638295;-0,063169416;-0,036342378;-0,150143379
-0,003951363;NaN;-0,092000338;NaN;0,173509708;-0,014878744;-0,126652514;-0,267169831;NaN;NaN;-0,251596972;-0,220549854;0,005910299;-0,014700435;-0,160884967;-0,09452418;-0,22069886
-0,050927273;NaN;-0,08247569;NaN;0,073715147;-0,065414117;-0,14353698;-0,309533182;NaN;NaN;-0,318437176;-0,294837849;-0,103520745;-0,037304088;-0,228372344;-0,102666153;-0,202767616
-0,119727475;NaN;-0,119082558;NaN;0,022420868;-0,145236984;-0,182746867;-0,284643074;NaN;NaN;-0,189856576;-0,332867499;-0,208513245;-0,057910652;-0,24542807;-0,113026175;-0,188987512
-0,150949496;NaN;-0,154080395;NaN;0,005155624;-0,141793468;-0,164527806;-0,259524145;NaN;NaN;-0,262633474;-0,413321404;-0,22050558;-0,100133187;-0,208439174;-0,161892849;-0,1871868
-0,139177318;NaN;-0,107509131;NaN;0,012475483;0,005401843;-0,086233023;-0,199050938;NaN;NaN;-0,136292246;-0,294224959;-0,113509551;-0,09606008;-0,094485163;-0,061632651;-0,021747788
-0,08585683;NaN;-0,041510312;NaN;-0,045963443;-0,027900686;-0,042602864;-0,141147845;NaN;NaN;-0,05457062;-0,232665351;-0,080096162;0,020586465;-0,085884454;-0,023495922;0,023153938
-0,062052208;NaN;-0,055856532;NaN;-0,095521847;-0,041000276;0,110185555;-0,079304819;NaN;NaN;0,120117677;-0,184812929;-0,079605514;0,046872606;-0,057739028;0,042653249;0,160764218
0,017777806;NaN;0,041581457;NaN;NaN;0,151605994;0,097488872;0,058057894;NaN;NaN;0,313986309;0,025896889;0,069412457;0,09657326;0,089542532;0,176438538;0,222163042
0,009994941;NaN;0,097301744;NaN;NaN;0,141658749;0,046427007;0,093209432;NaN;NaN;0,46844461;0,1647428;0,154285194;0,072335084;0,166771061;0,131411309;0,239713208
0,06364398;NaN;0,178660554;NaN;NaN;0,177227214;0,158168293;0,226883225;NaN;NaN;0,712937437;0,235308055;0,17912657;0,234489119;0,208046804;0,289955573;0,371905362
0,048350998;NaN;0,153487052;NaN;NaN;0,228814976;0,099054065;0,316550849;NaN;NaN;0,693011341;0,355173652;0,253688257;0,252845864;0,26408242;0,264241497;0,210687272
0,089757297;NaN;0,130152129;0,571796779;NaN;0,138318328;0,114873518;0,357005894;NaN;NaN;0,428115038;0,199230582;0,180676132;0,220962488;0,209215272;0,220694229;0,128488856
0,140688976;NaN;0,281614177;NaN;NaN;0,30058163;0,211054629;0,434066757;NaN;NaN;0,698902139;0,532458734;0,289465499;0,24587923;0,244724944;0,33953837;0,309982926
0,18765716;NaN;0,306201308;NaN;NaN;0,355210778;0,237819999;0,526952671;NaN;NaN;0,76438925;0,512405981;0,322260909;0,318540007;0,302986048;0,411090603;0,386912138
0,293427588;NaN;0,335787847;NaN;NaN;0,471912832;0,312835523;0,475605521;1,139093417;NaN;0,615078521;0,561131407;0,396112992;0,426192888;0,436597932;0,511545989;0,3699296
0,302364309;0,817871651;0,303761136;0,641465776;NaN;0,385825875;0,256383873;0,528594495;0,9487618;NaN;0,656464134;0,605640957;0,375813465;0,396753435;0,3591671;0,485046331;0,330343795
0,285161412;NaN;0,354144868;0,498042233;NaN;0,231555956;0,278271846;0,272549003;NaN;NaN;0,349779459;0,429999924;0,279390381;0,258551108;0,220039386;0,252710827;0,242229845
0,189194099;NaN;0,266370736;0,408391693;NaN;0,22619914;0,147166287;0,209148608;NaN;NaN;0,292202139;0,385992136;0,20952314;0,163668761;0,201219096;0,209792821;0,209416409
0,182666792;NaN;0,337383857;NaN;NaN;0,29897332;0,102037939;0,215690524;NaN;NaN;0,287743717;0,460157593;0,302849235;0,139955257;0,174488868;0,198803454;0,238273845
0,118575124;NaN;0,409762278;NaN;NaN;0,148783019;0,05589221;0,155767624;NaN;NaN;0,108746719;0,307098265;0,260376638;0,240071647;0,103418627;0,126104821;0,170154248
0,130993157;NaN;0,316320741;NaN;NaN;0,169552131;0,132516781;0,152385746;NaN;NaN;-0,009949343;0,180447981;0,185727234;0,264837043;0,023653276;0,175371527;0,142223108
0,091740269;NaN;0,470357908;NaN;NaN;0,303203178;0,066033595;0,267787604;NaN;NaN;0,056038995;0,276673353;0,267996912;0,23331619;0,102806587;0,167911432;0,174751032
0,086846293;NaN;0,456588043;NaN;NaN;0,218222646;0,018319047;0,164275524;NaN;NaN;-0,002839526;0,144169253;0,169892253;0,336746372;0,05714046;0,094696634;0,151748119
0,08615095;NaN;0,534338975;NaN;0,381125669;0,284060604;0,029330789;0,208947053;0,300609225;NaN;0,056261443;0,17746358;0,243226706;0,400226824;0,08015928;0,137915668;0,213256436
0,113145571;NaN;0,313277614;NaN;0,346879454;0,229998933;0,034825408;0,217346112;0,132774299;NaN;0,060801667;0,102464646;0,180068423;0,342605581;0,138038346;0,135915678;0,174682315
0,10154891;NaN;0,35484956;NaN;0,287678436;0,236691076;0,00284701;0,248320476;0,195216421;NaN;0,02268446;0,046400751;0,160388224;0,35535969;0,140510529;0,084816957;0,07895806
0,039353447;NaN;0,565065133;NaN;NaN;0,347514554;0,006497146;0,198520934;0,185075548;NaN;0,091102652;0,060619645;0,213867405;0,361280597;0,050368815;0,05502443;0,07094235
0,022997714;NaN;0,513770847;NaN;NaN;0,324491827;0,063199976;0,149854348;0,174897063;NaN;0,051188083;-0,011702948;0,264736685;0,334469685;0,069556765;0,034363644;0,085157454
-0,000253761;NaN;0,400897461;NaN;NaN;0,238698065;0,052899833;0,159005631;0,185231256;NaN;0,053622019;-0,176855585;0,199077571;0,417622849;0,03012935;0,085176459;0,062424229
0,03107231;NaN;0,406995497;NaN;NaN;0,226510841;0,08312184;0,20104752;0,126749362;NaN;0,097569466;-0,110791981;0,234186696;0,373378203;0,096385917;0,094414438;0,089102924
-0,024326945;NaN;0,412452833;0,142996207;NaN;0,16209109;0,065118558;0,265091242;NaN;NaN;0,050193365;-0,151541699;0,129751701;0,4235727;0,178065022;0,118058216;0,03674621
0,075758168;NaN;0,432902203;0,206086106;NaN;0,250947582;0,162877435;0,454156846;0,101818349;NaN;0,214169124;-0,033493061;0,185677933;0,444403993;0,23679222;0,163129666;0,113191228
0,052954636;NaN;0,577550879;0,12761866;NaN;0,136565387;0,149042232;0,323437072;0,094125808;NaN;0,314714815;-0,088591021;0,166463695;0,435245091;0,187647877;0,11557405;0,149207407
0,104813553;0,534870374;0,544182783;0,096368447;NaN;0,080710848;0,177411406;0,240235396;0,066620814;NaN;0,307749225;-0,157055698;0,184834344;0,491117741;0,148592188;0,138799917;0,105449677
0,072359235;0,469092622;0,374456879;0,095191831;NaN;0,109571781;0,189263751;0,137961656;0,0938673;NaN;0,200543453;-0,164011951;0,142889592;0,308159589;0,125178906;0,169909719;0,069882833
0,063652332;0,364959396;0,288115878;0,077631553;NaN;0,080652821;0,151751795;0,175318265;0,111011304;NaN;0,207357483;-0,197433852;0,14245033;0,245057619;0,109509165;0,164692533;0,083785367
-0,003448744;0,507039679;0,352500006;-0,00135986;NaN;0,044256794;0,110269496;0,112367883;0,196394889;NaN;0,182587934;-0,252514423;0,162920307;0,225042283;0,066014341;0,119638943;0,025697686
0,008453691;0,857837066;0,479255885;0,00476995;NaN;0,098646321;0,170532107;0,200477235;0,384680869;NaN;0,316107032;-0,156686501;0,248218163;0,2211071;0,092090246;0,150040888;0,081419791
0,028154096;0,440330054;0,126445309;0,034775617;NaN;-0,007419342;0,147378015;0,134972234;0,180891863;NaN;0,252292351;-0,186017526;0,238958158;0,191184132;0,101096698;0,170988591;0,083069926
0,049776169;0,615742818;0,178714067;0,018189365;NaN;0,002382701;0,152766454;0,187493509;0,449956883;NaN;0,303798742;-0,097723626;0,290470742;0,120216319;0,112947951;0,212283716;0,120615833
0,072545308;1,08485199;0,30232193;0,059466954;NaN;0,118014165;0,062517839;0,253279051;0,725848314;NaN;0,391901734;0,043645801;0,362500961;0,097200581;0,17033498;0,248003287;0,138875184
0,102200284;0,910725336;0,233298488;-0,016631851;NaN;0,094138909;0,024110862;0,157962859;0,699285958;NaN;0,185872286;0,004083731;0,291276676;0,147549176;0,094095514;0,161225797;0,061730317
0,138511407;0,803485999;0,210884326;NaN;NaN;0,046709493;0,047484343;0,097757272;0,78045505;NaN;0,159341664;0,054939706;0,355493952;0,099355809;0,090138793;0,134948586;0,086044215
0,149543328;0,607407922;0,214287136;NaN;NaN;-0,023546342;0,063175068;-0,092157551;0,548642803;NaN;0,049791819;-0,029158521;0,198105282;0,120725751;-0,005882027;0,150709978;0,047482191
0,182405824;0,511424213;0,110719515;NaN;NaN;0,052306132;0,136722785;-0,082517331;0,505546909;NaN;0,126859494;0,04642132;0,195822688;0,122701035;0,080349837;0,173048878;0,08731675
0,168565985;0,205025967;0,02180107;NaN;NaN;0,117750747;0,147283203;-0,070095945;0,406620059;NaN;0,139270831;0,152969349;0,220299181;0,048770537;0,163875885;0,202574215;0,140859098
0,180086155;0,3905892;0,200855909;NaN;NaN;0,10775925;0,204370114;-0,000750916;0,646519337;NaN;0,189747191;0,281430822;0,274246777;0,17809839;0,181496664;0,194652194;0,201258003
0,162803548;0,347180261;0,284058051;NaN;NaN;0,098667703;0,206759399;-0,036589831;0,596576977;NaN;0,181770777;0,305875173;0,23959651;0,207014801;0,115792356;0,145331211;0,165914828
0,202660491;0,1957527;0,299850383;NaN;NaN;0,102262062;0,162526734;0,008666389;0,474280759;NaN;0,188702044;0,359345322;0,200745439;0,202545943;0,142377201;0,187482255;0,198563766
0,199488761;0,065230401;0,137330112;NaN;NaN;0,178451857;0,172490436;0,014806891;0,505318747;NaN;0,172570701;0,29397549;0,207736578;0,175451623;0,172130983;0,182608835;0,214000394
0,147926214;0,325745137;0,182260998;NaN;NaN;0,2076732;0,126064313;-0,003501432;0,494149138;NaN;0,117370485;0,355542424;0,147762595;0,23458209;0,152881521;0,132159645;0,164909558
0,162871149;0,257468211;0,21206322;NaN;NaN;0,224616782;0,143602471;-0,059729406;0,422631288;NaN;0,104152525;0,317278875;0,101474054;0,359623983;0,133387611;0,121448663;0,163186646
0,196647027;0,212865283;0,215054517;NaN;NaN;0,21468588;0,21214645;-0,030146394;0,323750047;NaN;0,156756098;0,408968715;0,123079315;0,402340441;0,184274673;0,12653246;0,202068918
0,182177115;0,498906796;0,342830188;0,577168204;NaN;0,332620841;0,264444449;0,068825168;0,569860447;NaN;0,322381058;0,360566419;0,204933275;0,394646797;0,226131905;0,203909818;0,270819863
0,19119606;0,545187549;0,3124226;0,488166753;NaN;0,374123551;0,187590089;0,109770739;0,452352832;NaN;0,369952834;0,380197376;0,161327316;0,298199354;0,165798749;0,182755033;0,25229349
0,126692503;0,759440155;0,233169436;NaN;NaN;0,458494846;0,082093638;0,095433576;0,53381583;NaN;0,456635223;0,408610581;0,26809051;0,198033078;0,207900378;0,083583823;0,234048221
0,126480237;0,662084931;0,281996151;NaN;NaN;0,459507118;0,087654349;0,176667471;0,531715979;NaN;0,367110585;0,384146986;0,247993543;0,187043978;0,186663494;0,070367535;0,216485687
0,213616816;1,078371333;0,425049575;NaN;NaN;0,577538331;0,111127159;0,089400526;0,685861121;NaN;0,442670927;0,330702947;0,260181479;0,276598324;0,17565778;0,055283744;0,228738064
0,266991313;1,092684718;0,3799189;NaN;NaN;0,712685146;0,113879807;0,062995309;0,565908042;NaN;0,501043165;0,231221345;0,228097372;0,298800211;0,154294395;0,056213408;0,227484293
0,28189886;0,643526627;0,222575625;NaN;NaN;0,575024551;0,14864084;-0,052053215;0,3687176;NaN;0,433682448;0,055826726;0,158537449;0,255721925;0,205448162;0,00198812;0,147787148
0,276646565;0,802325869;0,34641972;NaN;NaN;0,96607105;0,094994079;0,042109548;0,416878486;NaN;0,539794429;0,14896334;0,164963311;0,246088984;0,185155931;-0,04250704;0,13315369
0,198868614;0,555131723;0,231366043;NaN;NaN;0,8531149;0,000347573;-0,122636014;0,099292422;NaN;0,195653726;NaN;0,102332901;0,166003285;0,096318721;-0,091832574;0,024589612
0,259579905;0,658502594;0,352516969;NaN;NaN;0,929314259;0,018186832;-0,160955323;0,158551009;NaN;0,198272813;NaN;0,091820759;0,088958172;0,054015367;-0,16733861;0,027450284
0,234437332;0,44731324;0,248763827;NaN;NaN;0,746336713;0,003232501;-0,122491686;0,103577081;NaN;0,201944762;NaN;0,090453742;0,058604124;0,105172629;-0,17311739;0,029160651
0,175309419;0,550434508;0,332064012;NaN;NaN;0,979438002;-0,082998599;-0,09438296;0,200046394;NaN;0,233683845;NaN;0,117438898;0,080811555;0,112393456;-0,157785756;0,015506901
0,194462439;0,470344577;0,28791257;NaN;NaN;0,76903117;-0,058899155;-0,042028186;0,157161392;NaN;0,190050581;NaN;0,103186649;0,092105263;0,101975825;-0,205699027;-0,003837408
0,137730915;0,738027674;0,337121373;NaN;NaN;0,915833515;-0,07142287;-0,131785065;0,268396023;NaN;0,070712239;-0,250763273;-0,005043007;0,164890242;0,057801614;-0,290523398;-0,074279734
0,173780044;0,38700952;0,113802007;NaN;NaN;0,755901226;0,023682773;-0,150380349;0,196651191;NaN;0,004050725;-0,289637666;0,022544235;0,095180077;0,111829061;-0,171913539;-0,038198732
0,132496467;0,297933852;0,104746912;NaN;NaN;0,400125967;0,026851079;-0,139418773;0,073974798;NaN;-0,020010908;-0,263033349;0,080154275;0,064202564;0,135054739;-0,172453058;-0,047615837
0,025049972;-0,266737662;-0,086560812;NaN;NaN;-0,058620211;-0,050381252;-0,166095513;-0,345704081;NaN;-0,237464637;-0,323345513;-0,076749077;-0,073167762;0,094103337;-0,150687631;-0,138996789
-0,157619832;-0,566587776;-0,22334037;NaN;NaN;-0,260124509;-0,137617348;-0,259651757;NaN;NaN;-0,402340333;-0,329226008;-0,204083144;-0,211519919;-0,036670278;-0,306854001;-0,280627459
-0,197948586;-0,520129569;-0,156711348;NaN;NaN;-0,349602818;-0,193547896;-0,216691463;NaN;NaN;-0,426080413;NaN;-0,276521155;-0,201556649;-0,054490376;-0,376073318;-0,293976293
-0,222751603;-0,362137271;-0,23237896;NaN;NaN;-0,382907326;-0,127107206;-0,117142233;NaN;NaN;-0,419826714;-0,277263131;-0,261647502;-0,235348099;-0,039368583;-0,345288925;-0,27869378
-0,183652104;-0,457443674;-0,193199826;NaN;NaN;-0,393471534;-0,123210576;-0,299004046;NaN;NaN;-0,358673119;-0,269549302;-0,341618161;-0,189644248;-0,143407774;-0,480857301;-0,277435119
-0,267629852;-0,457553633;-0,323158776;NaN;NaN;-0,45309511;-0,241291841;-0,267401158;NaN;NaN;-0,403799572;-0,213838941;-0,424117575;-0,237316833;-0,128204034;-0,475514103;-0,307817019
-0,255619165;-0,334206453;-0,278487528;NaN;NaN;-0,443213874;-0,163221872;-0,178973787;NaN;NaN;-0,336939332;-0,214500388;-0,383728987;-0,222177499;-0,098420186;-0,404088973;-0,261094384
-0,236852202;-0,401551682;-0,34326401;-0,220525967;NaN;-0,407437255;-0,187612047;-0,13903503;NaN;NaN;-0,304889562;-0,166012118;-0,346734269;-0,271236617;-0,129142329;-0,364430705;-0,249245245
-0,187266988;-0,336640542;-0,305150851;NaN;NaN;-0,407116911;-0,149618083;-0,214771556;NaN;NaN;-0,330941441;-0,215173517;-0,33145808;-0,265357473;-0,132472299;-0,273987105;-0,261552223
-0,109189288;-0,423455859;-0,320303129;NaN;NaN;-0,421767693;-0,08847163;-0,058504244;NaN;NaN;-0,230157289;-0,136075226;-0,235843465;-0,228941375;-0,085590331;-0,176135746;-0,167435251
-0,078220864;-0,219795106;-0,191877793;0,018897278;NaN;-0,303283378;-0,063346083;0,036435138;NaN;NaN;-0,112449937;-0,084134599;-0,211465437;-0,151971289;-0,05632846;-0,213837881;-0,131775795
-0,079897473;-0,126487985;-0,196976496;-0,061600358;NaN;-0,280989304;-0,073832656;-0,073887524;NaN;NaN;-0,118992744;-0,109327193;-0,202464622;-0,158119714;-0,061456321;-0,158252047;-0,132472109
-0,039249738;0,269639453;-0,098278988;0,0638933;NaN;-0,061873232;-0,021233712;-0,030927293;NaN;NaN;0,146448272;0,067737639;-0,07093968;-0,046168625;0,010346499;-0,155269501;-0,02948289
0,13774672;1,024480497;0,092205961;0,269270563;NaN;0,135974229;0,08845167;0,049367167;NaN;NaN;0,36152704;NaN;0,048829201;0,022628157;0,222832075;0,063099453;0,134525759
0,193388703;1,488675015;0,102456869;NaN;NaN;0,601696607;0,192870003;0,193775721;NaN;NaN;0,594312181;NaN;0,279963951;0,061877611;0,440835729;0,318281276;0,356648879
0,22512896;1,243097494;0,123602697;0,4467381;NaN;0,631444238;0,152153449;0,226375206;NaN;NaN;0,719343699;NaN;0,280381635;0,159745699;0,383336514;0,293478027;0,387896447
0,239505762;0,925071492;0,114025241;0,659641701;NaN;0,700189367;0,238367474;0,315939615;NaN;NaN;0,600972507;NaN;0,380157299;0,111144311;0,40010728;0,664650265;0,410425435
0,363466516;0,997489175;0,304330113;0,873495141;NaN;1,198404385;0,415298508;0,591699803;NaN;NaN;0,850575973;0,545985101;0,727482567;0,23408979;0,483143393;1,264009596;0,614438775
0,353439954;0,968907935;0,277338715;0,764048113;NaN;1,023580502;0,376763943;0,490078875;0,938022276;NaN;0,774463889;NaN;0,760598839;0,237626083;0,426849203;1,022373954;0,589952535
0,306470147;0,712045043;0,272405559;0,53954733;NaN;0,519443317;0,357488098;0,403241029;NaN;NaN;0,620686459;0,437671868;0,547940426;0,26445539;0,331510733;0,574388826;0,400290199
0,191888411;0,240959309;0,049053074;0,383153617;NaN;0,240767675;0,178866651;0,430776893;NaN;NaN;0,487174356;0,442728397;0,385813562;0,11374774;0,259657792;0,222990885;0,230961908
0,154590976;0,327384388;0,013415158;0,337458822;NaN;0,263263533;0,165500606;0,196344242;NaN;NaN;0,366686859;NaN;0,315990505;0,06972595;0,125280021;0,175534945;0,173052224
0,149264722;0,265109443;0,047983992;0,297485204;NaN;0,200111317;0,120061422;0,112596913;NaN;NaN;0,284626744;NaN;0,33811837;0,091325506;0,134717299;0,14371823;0,18081304
0,152263543;0,36532518;0,002329957;NaN;NaN;0,207336026;0,098059674;0,059388288;NaN;NaN;0,151981598;NaN;0,174983347;0,115130921;0,093518416;-0,079275943;0,10929548
0,138294025;0,313690843;0,054052503;0,255416476;NaN;0,227467682;0,136839684;0,197304276;NaN;NaN;0,243911847;NaN;0,234386692;0,12023983;0,188322619;-0,023240756;0,165843339
0,160890601;0,401925444;0,052184604;0,364609548;NaN;0,405656585;0,173891403;0,241775294;NaN;NaN;0,319052721;NaN;0,372029722;0,168418211;0,178837851;0,043270027;0,269130827
0,085626804;0,229721936;0,075150757;0,405989374;NaN;0,240977295;0,046743451;0,176062043;NaN;NaN;0,289665634;NaN;0,253461834;0,094376294;0,158282061;-0,003023947;0,177136928
0,125795628;0,461035501;0,204255375;0,357711404;NaN;0,33113104;0,083086844;0,268810366;NaN;NaN;0,299079928;NaN;0,253663477;0,073265779;0,178782666;0,137261842;0,197633559
0,128040404;0,60652301;0,356406349;NaN;NaN;0,363483022;0,072238301;0,345127318;NaN;NaN;0,463849902;NaN;0,319693901;0,141078888;0,177725906;0,197099675;0,274442931
0,146462222;0,397500288;0,437296868;0,376170431;NaN;0,464063295;0,100857891;0,284817664;NaN;NaN;0,409525684;NaN;0,282017017;0,188406961;0,165423118;0,183380494;0,296318323
0,117108651;0,332233276;0,403902792;0,168145994;NaN;0,360122812;0,091427196;0,25573432;NaN;NaN;0,297930337;NaN;0,199508779;0,152674876;0,111333627;0,051704056;0,212997325
0,183838164;0,344465382;0,367655646;0,221556484;NaN;0,408157987;0,184120309;0,127774904;NaN;NaN;0,254744747;NaN;0,20658615;0,174773473;0,156939446;0,057978277;0,247749749
0,311972521;0,386516711;0,455713954;0,325400062;NaN;0,49673767;0,307450366;0,171266209;NaN;NaN;0,306356635;NaN;0,307402335;0,277707275;0,254211728;0,137359747;0,345598139
0,331912981;0,512392502;0,533614115;0,511509834;NaN;0,604989964;0,270332648;0,336861405;NaN;NaN;0,349488736;0,412520676;0,399678313;0,273145573;0,388435619;0,199435502;0,385765549
0,244449641;0,317933628;0,411312189;0,44644418;NaN;0,344315559;0,205293806;0,208916584;NaN;NaN;0,258117302;0,048638002;0,207788306;0,203593862;0,343507338;0,073637597;0,261195676
0,251115611;0,23625263;0,335824994;0,436598961;NaN;0,257938215;0,212036621;0,186437237;NaN;NaN;0,288117666;0,062884424;0,194852013;0,200533734;0,340046992;0,079411691;0,238199766
0,157069221;-0,167439738;0,119376019;0,217550835;NaN;-0,0466424;0,107033926;0,00768194;NaN;NaN;0,064359685;NaN;0,025959749;0,137581474;0,174555223;-0,087591911;0,07661505
0,118021553;-0,053576437;0,215083383;0,378711915;NaN;0,032179509;0,120163058;0,133081528;NaN;NaN;0,133991126;-0,099173478;0,089643671;0,202866141;0,214094712;-0,00982866;0,115420223
0,121995752;-0,075192258;0,189830272;0,258424875;NaN;-0,002294808;0,211229901;0,228104761;NaN;NaN;0,087687772;-0,271168595;0,108961162;0,23641404;0,161228313;-0,022154837;0,149871956
0,099836554;-0,240895481;0,102261048;0,213333455;NaN;-0,048062329;0,206703355;0,135764316;NaN;NaN;0,03781303;-0,262480229;0,076100312;0,241079796;0,171437678;-0,074889747;0,07301343
0,123701111;-0,068974639;0,026199402;0,3578591;NaN;0,03168427;0,209609638;0,144418002;NaN;NaN;0,110443477;-0,133867284;0,084326193;0,18270018;0,225177268;-0,066458447;0,090570807
0,101291566;-0,094803858;0,022080496;0,346328028;NaN;-0,014144686;0,200954346;0,208790815;NaN;NaN;0,199139684;-0,081557723;0,078641281;0,155230634;0,242718783;-0,021433682;0,098365624
0,147501944;-0,178664289;-0,013023928;0,480699566;NaN;0,017164598;0,238608953;0,278588955;NaN;NaN;0,306215357;-0,054949996;0,063474526;0,191181971;0,27935892;0,055271286;0,146524955
0,121537899;-0,179031796;-0,045561932;0,377419147;NaN;-0,027834101;0,173591687;0,326262077;NaN;NaN;0,246550536;-0,06996413;0,032730242;0,127373152;0,248994279;0,040416531;0,109702538
0,096662774;-0,221686128;-0,106853679;NaN;NaN;-0,076019281;0,102069908;0,295248059;NaN;NaN;0,222391707;-0,129506399;-0,009166242;0,122320938;0,221623326;-0,03084571;0,072281437
0,131599036;-0,144373321;-0,024874106;0,03442203;NaN;-0,028486472;0,187999677;0,418941621;NaN;NaN;0,250912681;-0,198490315;0,015918252;0,149493965;0,256074032;0,024386827;0,145846665
0,178538556;-0,1780811;0,006101498;0,054612247;NaN;-0,030630574;0,253416895;0,462572542;NaN;NaN;0,218062466;-0,219941303;0,06222878;0,200873944;0,276255064;0,05424365;0,184878878
0,146657653;-0,123397289;0,120478045;0,167041993;NaN;0,04806954;0,234569681;0,665970407;NaN;NaN;0,367818994;-0,090862613;0,142974447;0,148729426;0,309271912;0,186927801;0,263410982
0,211369779;0,253806725;0,286173418;0,174102037;NaN;0,288700427;0,312776034;0,810344492;NaN;NaN;0,439867898;0,103933599;0,219244553;0,178250944;0,349482524;0,385310369;0,38362416
0,133121128;0,062218541;0,100492477;-0,008504206;NaN;0,028788985;0,246020348;0,672886453;NaN;NaN;0,199484319;0,011701061;0,100930225;0,128540859;0,23439657;0,253294451;0,219117656
0,155832912;0,034716736;0,057850553;0,046057385;NaN;0,081962572;0,22449999;0,637383724;NaN;NaN;0,225292214;0,169839827;0,091532793;0,07673271;0,231098867;0,308812547;0,252787403
0,109147397;0,080707046;0,059016833;0,080477132;NaN;0,144480121;0,155732099;0,526899431;NaN;NaN;0,175143693;0,306995205;0,103017112;0,040221164;0,20559943;0,358269908;0,245803158
0,161596384;-0,044237943;0,129416982;0,010632696;NaN;0,06747363;0,25099974;0,517932318;NaN;NaN;0,038417229;0,122129388;0,098430913;0,11635929;0,214280469;0,308864911;0,261366413
0,214097302;-0,036941282;0,093161553;-0,018520609;NaN;0,010158453;0,235682354;0,464759422;NaN;NaN;-0,03191813;0,076007047;0,13626295;0,12186657;0,209036935;0,224137483;0,24431763
0,234721154;0,043855013;0,132199433;0,038544469;NaN;-0,009525677;0,246540824;0,359533632;NaN;NaN;-0,053524862;0,108220576;0,189779767;0,155454262;0,212417352;0,181270334;0,253971469
0,261052903;-0,086257662;0,138497492;0,097294049;NaN;0,057530021;0,286175428;0,412230865;NaN;NaN;-0,034738789;0,229510736;0,191541352;0,193993533;0,229807779;0,244600676;0,291293713
0,204705761;0,016996837;0,298404055;0,143975064;NaN;0,181935833;0,314919535;0,593346184;NaN;NaN;0,139787286;0,483877589;0,321047584;0,10628451;0,232483224;0,520035265;0,383585936
0,164663643;-0,148327955;0,213347082;0,381655028;NaN;0,077741712;0,276036858;0,46651188;NaN;NaN;0,241404153;0,695030436;0,261078832;0,103093958;0,203832863;0,420963117;0,233210493
0,18826684;-0,147651312;0,229978938;0,313515563;NaN;0,230974822;0,322196708;0,578968145;NaN;NaN;0,296664805;0,975199725;0,34695294;0,104435977;0,252209452;0,540988724;0,27879696
0,197514246;-0,147335191;0,181295859;0,223881613;NaN;0,203902795;0,260553253;0,413966535;NaN;NaN;0,210856458;1,065460063;0,29547646;0,103485195;0,170238951;0,392454076;0,235337463
0,134924719;-0,184425385;0,155151501;0,388684353;NaN;0,223084781;0,26490769;0,378261542;NaN;NaN;0,265604554;1,160643989;0,421770491;0,088674677;0,208833217;0,374827185;0,246219052
0,23739017;-0,1385665;0,234488774;0,49275316;NaN;0,317239491;0,329846737;0,401883999;NaN;NaN;0,374803655;0,887010045;0,480713344;0,111136773;0,350983523;0,37508786;0,35890315
0,225246726;NaN;0,257865351;0,503640852;NaN;0,300825403;0,365066266;0,318158654;NaN;NaN;0,394773821;0,644999007;0,534290253;0,133189335;0,381303031;0,485185417;0,367718487
0,269211247;NaN;0,284298582;0,502078402;NaN;0,340554675;0,378366092;0,371882331;NaN;NaN;0,399300567;0,65283512;0,543252649;0,149306143;0,388167196;0,455347554;0,41731986
0,128073825;NaN;0,105978743;0,376530242;0,231136135;0,219984141;0,245677777;0,205553852;NaN;NaN;0,297247685;0,583446197;0,498687116;0,141773139;0,203508182;0,317291337;0,342760057
0,166931381;NaN;0,161776038;0,40247589;NaN;0,370564266;0,315168389;0,285864763;NaN;NaN;0,360723262;1,096237261;0,449377487;0,151238077;0,26993365;0,353744936;0,378108119
0,120053493;NaN;0,170308135;0,299158114;NaN;0,364064472;0,246457565;0,237078488;NaN;NaN;0,334596861;0,778254662;0,387586524;0,108384093;0,190550112;0,325018297;0,291222484
0,102624011;NaN;0,254747802;NaN;NaN;0,302736244;0,235393935;0,161311656;NaN;NaN;0,335776529;0,551469287;0,378551868;0,101653222;0,146587796;0,247701494;0,264499067
0,174196087;NaN;0,243924172;NaN;NaN;0,313070232;0,245724881;0,107909797;NaN;NaN;0,286784586;0,278232538;0,365277972;0,18799794;0,160655307;0,180493793;0,288927395
0,199112754;NaN;0,322266952;NaN;NaN;0,359912286;0,262990063;0,161857923;NaN;NaN;0,347742285;0,326614543;0,393709044;0,266341062;0,165270895;0,222239189;0,348201652
0,108092682;NaN;0,223319774;NaN;NaN;0,256803234;0,165924917;0,098403491;NaN;NaN;0,282065426;0,144882923;0,278754664;0,14710241;0,070087695;0,131816632;0,271275213
0,218876237;NaN;0,267630442;NaN;NaN;0,290459585;0,265331954;0,261798511;NaN;NaN;0,377890953;0,195925109;0,384848456;0,24381908;0,161758836;0,227476058;0,32863739
0,210496318;NaN;0,155316201;NaN;NaN;0,263431603;0,261451787;0,203934186;NaN;NaN;0,299574307;0,008811176;0,311025437;0,195725914;0,111980703;0,199703438;0,268749702
0,193105694;NaN;0,065480479;NaN;NaN;0,176197607;0,254951167;0,231205226;NaN;NaN;0,263582664;0,08824266;0,304746495;0,239261923;0,065718647;0,204369576;0,242585686
0,228414444;NaN;-0,04081683;NaN;NaN;0,198043255;0,266682284;0,288582422;NaN;NaN;0,305560956;0,174168942;0,304409957;0,275037341;0,114961853;0,154497603;0,251894993
0,150837186;NaN;-0,047994013;NaN;NaN;0,121348641;0,234081372;0,336038418;NaN;NaN;0,234970914;0,139673276;0,284060455;0,279062205;0,135919346;0,145914992;0,187461527
0,202640602;NaN;-0,02188419;NaN;NaN;0,156749632;0,265606964;0,406322477;NaN;NaN;0,186331917;0,06410896;0,260736581;0,273305152;0,206100453;0,1111053;0,207918179
0,215128349;NaN;-0,03158515;NaN;NaN;0,135169331;0,230051483;0,42367977;NaN;NaN;0,20941783;0,072603989;0,245574445;0,191745278;0,210654607;0,161477795;0,244663539
0,179316764;NaN;-0,081164072;0,340865343;NaN;0,068142951;0,216270998;0,453649016;NaN;NaN;0,138968825;0,099518721;0,195623218;0,162104871;0,22555083;0,129002427;0,232700311
0,153742584;NaN;-0,082903719;NaN;NaN;0,074706839;0,192535964;0,389346662;NaN;NaN;0,130311366;0,092300299;0,153811051;0,12885266;0,230075676;0,174944998;0,229465007
0,135723903;NaN;-0,136709128;NaN;NaN;0,068371948;0,216420542;0,40956199;0,010641199;NaN;0,150838416;0,102523209;0,097222551;0,123899899;0,224400936;0,19551278;0,205186833
